eh_revised_sample,sample,sample_id,sample_date,adsorbent,extraction,volume_ml,filter_area_cm2,ads_mass_mg,eluent_vol_ml,eluate_vol_ul,lysis_vol_ul,target,cq,detect,gu_lysate,gu_sample
b1_gac_0524,b1_gac_0524,Banook 1,2022-05-24,GAC,NA,NA,NA,1000,NA,NA,500,Influenza A,NA,FALSE,NA,NA
b1_gac_0524,b1_gac_0524,Banook 1,2022-05-24,GAC,NA,NA,NA,1000,NA,NA,500,RSV,30.48,TRUE,77.2228080276675,38.61140401383375
b1_gac_0524,b1_gac_0524,Banook 1,2022-05-24,GAC,NA,NA,NA,1000,NA,NA,500,Sars-Cov2,NA,FALSE,NA,NA
b1_gac_0524,b1_gac_0524,Banook 1,2022-05-24,GAC,NA,NA,NA,1000,NA,NA,500,Measles,NA,FALSE,NA,NA
b1_gac_0524,b1_gac_0524,Banook 1,2022-05-24,GAC,NA,NA,NA,1000,NA,NA,500,Adenovirus,NA,FALSE,NA,NA
b1_gac_0524,b1_gac_0524,Banook 1,2022-05-24,GAC,NA,NA,NA,1000,NA,NA,500,Rotavirus,NA,FALSE,NA,NA
b1_gac_0524,b1_gac_0524,Banook 1,2022-05-24,GAC,NA,NA,NA,1000,NA,NA,500,Norovirus,NA,FALSE,NA,NA
b1_gac_0524,b1_gac_0524,Banook 1,2022-05-24,GAC,NA,NA,NA,1000,NA,NA,500,Enterovirus,NA,FALSE,NA,NA
b2_gac_0524,b2_gac_0524,Banook 2,2022-05-24,GAC,NA,NA,NA,1000,NA,NA,500,Influenza A,NA,FALSE,NA,NA
b2_gac_0524,b2_gac_0524,Banook 2,2022-05-24,GAC,NA,NA,NA,1000,NA,NA,500,RSV,24.73,TRUE,3735.359048580027,1867.6795242900134
b2_gac_0524,b2_gac_0524,Banook 2,2022-05-24,GAC,NA,NA,NA,1000,NA,NA,500,Sars-Cov2,NA,FALSE,NA,NA
b2_gac_0524,b2_gac_0524,Banook 2,2022-05-24,GAC,NA,NA,NA,1000,NA,NA,500,Measles,NA,FALSE,NA,NA
b2_gac_0524,b2_gac_0524,Banook 2,2022-05-24,GAC,NA,NA,NA,1000,NA,NA,500,Adenovirus,NA,FALSE,NA,NA
b2_gac_0524,b2_gac_0524,Banook 2,2022-05-24,GAC,NA,NA,NA,1000,NA,NA,500,Rotavirus,NA,FALSE,NA,NA
b2_gac_0524,b2_gac_0524,Banook 2,2022-05-24,GAC,NA,NA,NA,1000,NA,NA,500,Norovirus,NA,FALSE,NA,NA
b2_gac_0524,b2_gac_0524,Banook 2,2022-05-24,GAC,NA,NA,NA,1000,NA,NA,500,Enterovirus,NA,FALSE,NA,NA
b1_gac_0531,b1_gac_0531,Banook 1,2022-05-31,GAC,NA,NA,NA,1000,NA,NA,500,Influenza A,37.4,TRUE,0.35806908640690005,0.17903454320345003
b1_gac_0531,b1_gac_0531,Banook 1,2022-05-31,GAC,NA,NA,NA,1000,NA,NA,500,RSV,22.11,TRUE,21873.484572964913,10936.742286482457
b1_gac_0531,b1_gac_0531,Banook 1,2022-05-31,GAC,NA,NA,NA,1000,NA,NA,500,Sars-Cov2,38.49,FALSE,0.21864578610949126,0.10932289305474563
b1_gac_0531,b1_gac_0531,Banook 1,2022-05-31,GAC,NA,NA,NA,1000,NA,NA,500,Measles,NA,FALSE,NA,NA
b1_gac_0531,b1_gac_0531,Banook 1,2022-05-31,GAC,NA,NA,NA,1000,NA,NA,500,Adenovirus,31,TRUE,105.90911821261,52.954559106305
b1_gac_0531,b1_gac_0531,Banook 1,2022-05-31,GAC,NA,NA,NA,1000,NA,NA,500,Rotavirus,NA,FALSE,NA,NA
b1_gac_0531,b1_gac_0531,Banook 1,2022-05-31,GAC,NA,NA,NA,1000,NA,NA,500,Norovirus,31.56,TRUE,132.532585736058,66.266292868029
b1_gac_0531,b1_gac_0531,Banook 1,2022-05-31,GAC,NA,NA,NA,1000,NA,NA,500,Enterovirus,NA,FALSE,NA,NA
b1_grab_0614,b1_gr_0614,Banook 1,2022-06-14,Grab,tween_bead,100,NA,NA,4,1000,500,Influenza A,NA,FALSE,NA,NA
b1_grab_0614,b1_gr_0614,Banook 1,2022-06-14,Grab,tween_bead,100,NA,NA,4,1000,500,RSV,30.51,TRUE,75.67569903844304,NA
b1_grab_0614,b1_gr_0614,Banook 1,2022-06-14,Grab,tween_bead,100,NA,NA,4,1000,500,Sars-Cov2,NA,FALSE,NA,NA
b1_grab_0614,b1_gr_0614,Banook 1,2022-06-14,Grab,tween_bead,100,NA,NA,4,1000,500,Measles,NA,FALSE,NA,NA
b1_grab_0614,b1_gr_0614,Banook 1,2022-06-14,Grab,tween_bead,100,NA,NA,4,1000,500,Adenovirus,NA,FALSE,NA,NA
b1_grab_0614,b1_gr_0614,Banook 1,2022-06-14,Grab,tween_bead,100,NA,NA,4,1000,500,Rotavirus,NA,FALSE,NA,NA
b1_grab_0614,b1_gr_0614,Banook 1,2022-06-14,Grab,tween_bead,100,NA,NA,4,1000,500,Norovirus,NA,FALSE,NA,NA
b1_grab_0614,b1_gr_0614,Banook 1,2022-06-14,Grab,tween_bead,100,NA,NA,4,1000,500,Enterovirus,NA,FALSE,NA,NA
b1_gac_0614,b1_g_0614,Banook 1,2022-06-14,GAC,tween_bead,NA,NA,3000,6,1000,500,Influenza A,41.13,FALSE,0.02218529836289589,0.0480681464529411
b1_gac_0614,b1_g_0614,Banook 1,2022-06-14,GAC,tween_bead,NA,NA,3000,6,1000,500,RSV,19.51,TRUE,126370.05162557728,273801.7785220841
b1_gac_0614,b1_g_0614,Banook 1,2022-06-14,GAC,tween_bead,NA,NA,3000,6,1000,500,Sars-Cov2,NA,FALSE,NA,NA
b1_gac_0614,b1_g_0614,Banook 1,2022-06-14,GAC,tween_bead,NA,NA,3000,6,1000,500,Measles,NA,FALSE,NA,NA
b1_gac_0614,b1_g_0614,Banook 1,2022-06-14,GAC,tween_bead,NA,NA,3000,6,1000,500,Adenovirus,NA,FALSE,NA,NA
b1_gac_0614,b1_g_0614,Banook 1,2022-06-14,GAC,tween_bead,NA,NA,3000,6,1000,500,Rotavirus,NA,FALSE,NA,NA
b1_gac_0614,b1_g_0614,Banook 1,2022-06-14,GAC,tween_bead,NA,NA,3000,6,1000,500,Norovirus,NA,FALSE,NA,NA
b1_gac_0614,b1_g_0614,Banook 1,2022-06-14,GAC,tween_bead,NA,NA,3000,6,1000,500,Enterovirus,NA,FALSE,NA,NA
b2_gac_0614,b2_g_0614,Banook 2,2022-06-14,GAC,tween_bead,NA,NA,3000,6,1000,500,Influenza A,41.47,FALSE,0.01721716521029899,0.03730385795564781
b2_gac_0614,b2_g_0614,Banook 2,2022-06-14,GAC,tween_bead,NA,NA,3000,6,1000,500,RSV,27.43,TRUE,604.3784957178465,1309.4867407220008
b2_gac_0614,b2_g_0614,Banook 2,2022-06-14,GAC,tween_bead,NA,NA,3000,6,1000,500,Sars-Cov2,29.43,TRUE,145.06267085590267,314.30245352112246
b2_gac_0614,b2_g_0614,Banook 2,2022-06-14,GAC,tween_bead,NA,NA,3000,6,1000,500,Measles,NA,FALSE,NA,NA
b2_gac_0614,b2_g_0614,Banook 2,2022-06-14,GAC,tween_bead,NA,NA,3000,6,1000,500,Adenovirus,30.96,TRUE,108.92029285829761,235.99396785964484
b2_gac_0614,b2_g_0614,Banook 2,2022-06-14,GAC,tween_bead,NA,NA,3000,6,1000,500,Rotavirus,NA,FALSE,NA,NA
b2_gac_0614,b2_g_0614,Banook 2,2022-06-14,GAC,tween_bead,NA,NA,3000,6,1000,500,Norovirus,25.69,TRUE,7234.9883175978475,15675.808021462004
b2_gac_0614,b2_g_0614,Banook 2,2022-06-14,GAC,tween_bead,NA,NA,3000,6,1000,500,Enterovirus,30.87,TRUE,42.95381337144994,93.06659563814154
b1_gac_0621,b1_g_0621,Banook 1,2022-06-21,GAC,tween_bead,NA,NA,3000,6,1000,500,Influenza A,NA,FALSE,NA,NA
b1_gac_0621,b1_g_0621,Banook 1,2022-06-21,GAC,tween_bead,NA,NA,3000,6,1000,500,RSV,26.29,TRUE,1304.057195998834,2825.457257997474
b1_gac_0621,b1_g_0621,Banook 1,2022-06-21,GAC,tween_bead,NA,NA,3000,6,1000,500,Sars-Cov2,NA,FALSE,NA,NA
b1_gac_0621,b1_g_0621,Banook 1,2022-06-21,GAC,tween_bead,NA,NA,3000,6,1000,500,Measles,NA,FALSE,NA,NA
b1_gac_0621,b1_g_0621,Banook 1,2022-06-21,GAC,tween_bead,NA,NA,3000,6,1000,500,Adenovirus,NA,FALSE,NA,NA
b1_gac_0621,b1_g_0621,Banook 1,2022-06-21,GAC,tween_bead,NA,NA,3000,6,1000,500,Rotavirus,NA,FALSE,NA,NA
b1_gac_0621,b1_g_0621,Banook 1,2022-06-21,GAC,tween_bead,NA,NA,3000,6,1000,500,Norovirus,NA,FALSE,NA,NA
b1_gac_0621,b1_g_0621,Banook 1,2022-06-21,GAC,tween_bead,NA,NA,3000,6,1000,500,Enterovirus,31.27,TRUE,32.02285150545055,69.38284492847619
b2_gac_0621,b2_g_0621,Banook 2,2022-06-21,GAC,tween_bead,NA,NA,3000,6,1000,500,Influenza A,37.64,TRUE,0.2993964323529453,0.6486922700980481
b2_gac_0621,b2_g_0621,Banook 2,2022-06-21,GAC,tween_bead,NA,NA,3000,6,1000,500,RSV,NA,FALSE,NA,NA
b2_gac_0621,b2_g_0621,Banook 2,2022-06-21,GAC,tween_bead,NA,NA,3000,6,1000,500,Sars-Cov2,NA,FALSE,NA,NA
b2_gac_0621,b2_g_0621,Banook 2,2022-06-21,GAC,tween_bead,NA,NA,3000,6,1000,500,Measles,NA,FALSE,NA,NA
b2_gac_0621,b2_g_0621,Banook 2,2022-06-21,GAC,tween_bead,NA,NA,3000,6,1000,500,Adenovirus,NA,FALSE,NA,NA
b2_gac_0621,b2_g_0621,Banook 2,2022-06-21,GAC,tween_bead,NA,NA,3000,6,1000,500,Rotavirus,NA,FALSE,NA,NA
b2_gac_0621,b2_g_0621,Banook 2,2022-06-21,GAC,tween_bead,NA,NA,3000,6,1000,500,Norovirus,27.04,TRUE,2883.572929687524,6247.741347656302
b2_gac_0621,b2_g_0621,Banook 2,2022-06-21,GAC,tween_bead,NA,NA,3000,6,1000,500,Enterovirus,NA,FALSE,NA,NA
b1_grab_0621,b1_gr_0621,Banook 1,2022-06-21,Grab,tween_bead,100,NA,NA,4,1000,500,Influenza A,NA,FALSE,NA,NA
b1_grab_0621,b1_gr_0621,Banook 1,2022-06-21,Grab,tween_bead,100,NA,NA,4,1000,500,RSV,NA,FALSE,NA,NA
b1_grab_0621,b1_gr_0621,Banook 1,2022-06-21,Grab,tween_bead,100,NA,NA,4,1000,500,Sars-Cov2,NA,FALSE,NA,NA
b1_grab_0621,b1_gr_0621,Banook 1,2022-06-21,Grab,tween_bead,100,NA,NA,4,1000,500,Measles,NA,FALSE,NA,NA
b1_grab_0621,b1_gr_0621,Banook 1,2022-06-21,Grab,tween_bead,100,NA,NA,4,1000,500,Adenovirus,NA,FALSE,NA,NA
b1_grab_0621,b1_gr_0621,Banook 1,2022-06-21,Grab,tween_bead,100,NA,NA,4,1000,500,Rotavirus,NA,FALSE,NA,NA
b1_grab_0621,b1_gr_0621,Banook 1,2022-06-21,Grab,tween_bead,100,NA,NA,4,1000,500,Norovirus,NA,FALSE,NA,NA
b1_grab_0621,b1_gr_0621,Banook 1,2022-06-21,Grab,tween_bead,100,NA,NA,4,1000,500,Enterovirus,NA,FALSE,NA,NA
b2_grab_0621,b2_gr_0621,Banook 2,2022-06-21,Grab,tween_bead,100,NA,NA,4,1000,500,Influenza A,NA,FALSE,NA,NA
b2_grab_0621,b2_gr_0621,Banook 2,2022-06-21,Grab,tween_bead,100,NA,NA,4,1000,500,RSV,NA,FALSE,NA,NA
b2_grab_0621,b2_gr_0621,Banook 2,2022-06-21,Grab,tween_bead,100,NA,NA,4,1000,500,Sars-Cov2,NA,FALSE,NA,NA
b2_grab_0621,b2_gr_0621,Banook 2,2022-06-21,Grab,tween_bead,100,NA,NA,4,1000,500,Measles,NA,FALSE,NA,NA
b2_grab_0621,b2_gr_0621,Banook 2,2022-06-21,Grab,tween_bead,100,NA,NA,4,1000,500,Adenovirus,NA,FALSE,NA,NA
b2_grab_0621,b2_gr_0621,Banook 2,2022-06-21,Grab,tween_bead,100,NA,NA,4,1000,500,Rotavirus,NA,FALSE,NA,NA
b2_grab_0621,b2_gr_0621,Banook 2,2022-06-21,Grab,tween_bead,100,NA,NA,4,1000,500,Norovirus,NA,FALSE,NA,NA
b2_grab_0621,b2_gr_0621,Banook 2,2022-06-21,Grab,tween_bead,100,NA,NA,4,1000,500,Enterovirus,NA,FALSE,NA,NA
b1_gac_0628,b1_gac_0628,Banook 1,2022-06-28,GAC,tween_bead,NA,NA,3000,6,1000,500,Influenza A,39.76,FALSE,0.061619493405999703,0.13350890237966603
b1_gac_0628,b1_gac_0628,Banook 1,2022-06-28,GAC,tween_bead,NA,NA,3000,6,1000,500,RSV,32.84,TRUE,15.715658664468577,34.05059377301525
b1_gac_0628,b1_gac_0628,Banook 1,2022-06-28,GAC,tween_bead,NA,NA,3000,6,1000,500,Sars-Cov2,35.9,TRUE,1.4009375733296627,3.0353647422142696
b1_gac_0628,b1_gac_0628,Banook 1,2022-06-28,GAC,tween_bead,NA,NA,3000,6,1000,500,Measles,NA,FALSE,NA,NA
b1_gac_0628,b1_gac_0628,Banook 1,2022-06-28,GAC,tween_bead,NA,NA,3000,6,1000,500,Adenovirus,38.95,FALSE,0.4027754770354821,0.8726802002435445
b1_gac_0628,b1_gac_0628,Banook 1,2022-06-28,GAC,tween_bead,NA,NA,3000,6,1000,500,Rotavirus,NA,FALSE,NA,NA
b1_gac_0628,b1_gac_0628,Banook 1,2022-06-28,GAC,tween_bead,NA,NA,3000,6,1000,500,Norovirus,22.78,TRUE,52552.95486306335,113864.73553663726
b1_gac_0628,b1_gac_0628,Banook 1,2022-06-28,GAC,tween_bead,NA,NA,3000,6,1000,500,Enterovirus,NA,FALSE,NA,NA
b2_gac_0628,b2_gac_0628,Banook 2,2022-06-28,GAC,tween_bead,NA,NA,3000,6,1000,500,Influenza A,36.5,TRUE,0.7005152680702595,1.5177830808188955
b2_gac_0628,b2_gac_0628,Banook 2,2022-06-28,GAC,tween_bead,NA,NA,3000,6,1000,500,RSV,NA,FALSE,NA,NA
b2_gac_0628,b2_gac_0628,Banook 2,2022-06-28,GAC,tween_bead,NA,NA,3000,6,1000,500,Sars-Cov2,NA,FALSE,NA,NA
b2_gac_0628,b2_gac_0628,Banook 2,2022-06-28,GAC,tween_bead,NA,NA,3000,6,1000,500,Measles,NA,FALSE,NA,NA
b2_gac_0628,b2_gac_0628,Banook 2,2022-06-28,GAC,tween_bead,NA,NA,3000,6,1000,500,Adenovirus,31.16,TRUE,94.6741815411573,205.12739333917415
b2_gac_0628,b2_gac_0628,Banook 2,2022-06-28,GAC,tween_bead,NA,NA,3000,6,1000,500,Rotavirus,NA,FALSE,NA,NA
b2_gac_0628,b2_gac_0628,Banook 2,2022-06-28,GAC,tween_bead,NA,NA,3000,6,1000,500,Norovirus,22.9,TRUE,48426.76027206477,104924.64725614034
b2_gac_0628,b2_gac_0628,Banook 2,2022-06-28,GAC,tween_bead,NA,NA,3000,6,1000,500,Enterovirus,31.86,TRUE,20.765192332473195,44.99125005369192
b2_grab_0628,b2_gr_0628,Banook 2,2022-06-28,Grab,tween_bead,100,NA,NA,4,1000,500,Influenza A,NA,FALSE,NA,NA
b2_grab_0628,b2_gr_0628,Banook 2,2022-06-28,Grab,tween_bead,100,NA,NA,4,1000,500,RSV,NA,FALSE,NA,NA
b2_grab_0628,b2_gr_0628,Banook 2,2022-06-28,Grab,tween_bead,100,NA,NA,4,1000,500,Sars-Cov2,NA,FALSE,NA,NA
b2_grab_0628,b2_gr_0628,Banook 2,2022-06-28,Grab,tween_bead,100,NA,NA,4,1000,500,Measles,NA,FALSE,NA,NA
b2_grab_0628,b2_gr_0628,Banook 2,2022-06-28,Grab,tween_bead,100,NA,NA,4,1000,500,Adenovirus,NA,FALSE,NA,NA
b2_grab_0628,b2_gr_0628,Banook 2,2022-06-28,Grab,tween_bead,100,NA,NA,4,1000,500,Rotavirus,NA,FALSE,NA,NA
b2_grab_0628,b2_gr_0628,Banook 2,2022-06-28,Grab,tween_bead,100,NA,NA,4,1000,500,Norovirus,NA,FALSE,NA,NA
b2_grab_0628,b2_gr_0628,Banook 2,2022-06-28,Grab,tween_bead,100,NA,NA,4,1000,500,Enterovirus,NA,FALSE,NA,NA
b1_gac_0705,b1_gac_0705,Banook 1,2022-07-05,GAC,tween_bead,NA,NA,3000,6,1000,500,Influenza A,33.42,TRUE,6.963489608000138,15.087560817333632
b1_gac_0705,b1_gac_0705,Banook 1,2022-07-05,GAC,tween_bead,NA,NA,3000,6,1000,500,RSV,28.65,TRUE,265.38943991675416,575.0104531529673
b1_gac_0705,b1_gac_0705,Banook 1,2022-07-05,GAC,tween_bead,NA,NA,3000,6,1000,500,Sars-Cov2,30.12,TRUE,88.44010766615338,191.6202332766657
b1_gac_0705,b1_gac_0705,Banook 1,2022-07-05,GAC,tween_bead,NA,NA,3000,6,1000,500,Measles,NA,FALSE,NA,NA
b1_gac_0705,b1_gac_0705,Banook 1,2022-07-05,GAC,tween_bead,NA,NA,3000,6,1000,500,Adenovirus,30.24,TRUE,180.41260115374925,390.8939691664567
b1_gac_0705,b1_gac_0705,Banook 1,2022-07-05,GAC,tween_bead,NA,NA,3000,6,1000,500,Rotavirus,NA,FALSE,NA,NA
b1_gac_0705,b1_gac_0705,Banook 1,2022-07-05,GAC,tween_bead,NA,NA,3000,6,1000,500,Norovirus,NA,FALSE,NA,NA
b1_gac_0705,b1_gac_0705,Banook 1,2022-07-05,GAC,tween_bead,NA,NA,3000,6,1000,500,Enterovirus,30.51,TRUE,55.94860697390843,121.2219817768016
b1_grab_0705,b1_gr_0705,Banook 1,2022-07-05,Grab,tween_bead,100,NA,NA,6,1000,500,Influenza A,NA,FALSE,NA,NA
b1_grab_0705,b1_gr_0705,Banook 1,2022-07-05,Grab,tween_bead,100,NA,NA,6,1000,500,RSV,NA,FALSE,NA,NA
b1_grab_0705,b1_gr_0705,Banook 1,2022-07-05,Grab,tween_bead,100,NA,NA,6,1000,500,Sars-Cov2,NA,FALSE,NA,NA
b1_grab_0705,b1_gr_0705,Banook 1,2022-07-05,Grab,tween_bead,100,NA,NA,6,1000,500,Measles,NA,FALSE,NA,NA
b1_grab_0705,b1_gr_0705,Banook 1,2022-07-05,Grab,tween_bead,100,NA,NA,6,1000,500,Adenovirus,NA,FALSE,NA,NA
b1_grab_0705,b1_gr_0705,Banook 1,2022-07-05,Grab,tween_bead,100,NA,NA,6,1000,500,Rotavirus,NA,FALSE,NA,NA
b1_grab_0705,b1_gr_0705,Banook 1,2022-07-05,Grab,tween_bead,100,NA,NA,6,1000,500,Norovirus,NA,FALSE,NA,NA
b1_grab_0705,b1_gr_0705,Banook 1,2022-07-05,Grab,tween_bead,100,NA,NA,6,1000,500,Enterovirus,NA,FALSE,NA,NA
b2_grab_0705,b2_gr_0705,Banook 2,2022-07-05,Grab,tween_bead,100,NA,NA,6,1000,500,Influenza A,NA,FALSE,NA,NA
b2_grab_0705,b2_gr_0705,Banook 2,2022-07-05,Grab,tween_bead,100,NA,NA,6,1000,500,RSV,NA,FALSE,NA,NA
b2_grab_0705,b2_gr_0705,Banook 2,2022-07-05,Grab,tween_bead,100,NA,NA,6,1000,500,Sars-Cov2,NA,FALSE,NA,NA
b2_grab_0705,b2_gr_0705,Banook 2,2022-07-05,Grab,tween_bead,100,NA,NA,6,1000,500,Measles,NA,FALSE,NA,NA
b2_grab_0705,b2_gr_0705,Banook 2,2022-07-05,Grab,tween_bead,100,NA,NA,6,1000,500,Adenovirus,NA,FALSE,NA,NA
b2_grab_0705,b2_gr_0705,Banook 2,2022-07-05,Grab,tween_bead,100,NA,NA,6,1000,500,Rotavirus,NA,FALSE,NA,NA
b2_grab_0705,b2_gr_0705,Banook 2,2022-07-05,Grab,tween_bead,100,NA,NA,6,1000,500,Norovirus,NA,FALSE,NA,NA
b2_grab_0705,b2_gr_0705,Banook 2,2022-07-05,Grab,tween_bead,100,NA,NA,6,1000,500,Enterovirus,NA,FALSE,NA,NA
b1_gac_0712,b1_gac_0712,Banook 1,2022-07-12,GAC,tween_bead,NA,NA,3000,6,1000,500,Influenza A,35.19,TRUE,1.8605459629723171,4.031182919773354
b1_gac_0712,b1_gac_0712,Banook 1,2022-07-12,GAC,tween_bead,NA,NA,3000,6,1000,500,RSV,NA,FALSE,NA,NA
b1_gac_0712,b1_gac_0712,Banook 1,2022-07-12,GAC,tween_bead,NA,NA,3000,6,1000,500,Sars-Cov2,36.6,TRUE,0.8480037855273648,1.8373415353092901
b1_gac_0712,b1_gac_0712,Banook 1,2022-07-12,GAC,tween_bead,NA,NA,3000,6,1000,500,Measles,NA,FALSE,NA,NA
b1_gac_0712,b1_gac_0712,Banook 1,2022-07-12,GAC,tween_bead,NA,NA,3000,6,1000,500,Adenovirus,30.73,TRUE,127.97278683147412,277.2743714681939
b1_gac_0712,b1_gac_0712,Banook 1,2022-07-12,GAC,tween_bead,NA,NA,3000,6,1000,500,Rotavirus,NA,FALSE,NA,NA
b1_gac_0712,b1_gac_0712,Banook 1,2022-07-12,GAC,tween_bead,NA,NA,3000,6,1000,500,Norovirus,33.46,TRUE,36.3122959040657,78.67664112547568
b1_gac_0712,b1_gac_0712,Banook 1,2022-07-12,GAC,tween_bead,NA,NA,3000,6,1000,500,Enterovirus,30.86,TRUE,43.270336139170986,93.75239496820382
b2_gac_0712,b2_gac_0712,Banook 2,2022-07-12,GAC,tween_bead,NA,NA,3000,6,1000,500,Influenza A,34.96,TRUE,2.2086264485993747,4.785357305298645
b2_gac_0712,b2_gac_0712,Banook 2,2022-07-12,GAC,tween_bead,NA,NA,3000,6,1000,500,RSV,26.82,TRUE,912.0563809864839,1976.1221588040485
b2_gac_0712,b2_gac_0712,Banook 2,2022-07-12,GAC,tween_bead,NA,NA,3000,6,1000,500,Sars-Cov2,NA,FALSE,NA,NA
b2_gac_0712,b2_gac_0712,Banook 2,2022-07-12,GAC,tween_bead,NA,NA,3000,6,1000,500,Measles,NA,FALSE,NA,NA
b2_gac_0712,b2_gac_0712,Banook 2,2022-07-12,GAC,tween_bead,NA,NA,3000,6,1000,500,Adenovirus,32.25,TRUE,44.101219172043436,95.55264153942746
b2_gac_0712,b2_gac_0712,Banook 2,2022-07-12,GAC,tween_bead,NA,NA,3000,6,1000,500,Rotavirus,NA,FALSE,NA,NA
b2_gac_0712,b2_gac_0712,Banook 2,2022-07-12,GAC,tween_bead,NA,NA,3000,6,1000,500,Norovirus,33.71,TRUE,30.624637064548363,66.35338030652144
b2_gac_0712,b2_gac_0712,Banook 2,2022-07-12,GAC,tween_bead,NA,NA,3000,6,1000,500,Enterovirus,32.02,TRUE,18.46372266791056,40.004732447139546
b2_grab_0712,b2_gr_0712,Banook 2,2022-07-12,Grab,NA,100,15.9043,NA,NA,NA,500,Influenza A,NA,FALSE,NA,NA
b2_grab_0712,b2_gr_0712,Banook 2,2022-07-12,Grab,NA,100,15.9043,NA,NA,NA,500,RSV,NA,FALSE,NA,NA
b2_grab_0712,b2_gr_0712,Banook 2,2022-07-12,Grab,NA,100,15.9043,NA,NA,NA,500,Sars-Cov2,NA,FALSE,NA,NA
b2_grab_0712,b2_gr_0712,Banook 2,2022-07-12,Grab,NA,100,15.9043,NA,NA,NA,500,Measles,NA,FALSE,NA,NA
b2_grab_0712,b2_gr_0712,Banook 2,2022-07-12,Grab,NA,100,15.9043,NA,NA,NA,500,Adenovirus,NA,FALSE,NA,NA
b2_grab_0712,b2_gr_0712,Banook 2,2022-07-12,Grab,NA,100,15.9043,NA,NA,NA,500,Rotavirus,NA,FALSE,NA,NA
b2_grab_0712,b2_gr_0712,Banook 2,2022-07-12,Grab,NA,100,15.9043,NA,NA,NA,500,Norovirus,NA,FALSE,NA,NA
b2_grab_0712,b2_gr_0712,Banook 2,2022-07-12,Grab,NA,100,15.9043,NA,NA,NA,500,Enterovirus,NA,FALSE,NA,NA
b1_grab_0719,b1_gr_0719,Banook 1,2022-07-19,Grab,NA,100,15.9043,NA,NA,NA,500,Influenza A,NA,FALSE,NA,NA
b1_grab_0719,b1_gr_0719,Banook 1,2022-07-19,Grab,NA,100,15.9043,NA,NA,NA,500,RSV,NA,FALSE,NA,NA
b1_grab_0719,b1_gr_0719,Banook 1,2022-07-19,Grab,NA,100,15.9043,NA,NA,NA,500,Sars-Cov2,NA,FALSE,NA,NA
b1_grab_0719,b1_gr_0719,Banook 1,2022-07-19,Grab,NA,100,15.9043,NA,NA,NA,500,Measles,NA,FALSE,NA,NA
b1_grab_0719,b1_gr_0719,Banook 1,2022-07-19,Grab,NA,100,15.9043,NA,NA,NA,500,Adenovirus,NA,FALSE,NA,NA
b1_grab_0719,b1_gr_0719,Banook 1,2022-07-19,Grab,NA,100,15.9043,NA,NA,NA,500,Rotavirus,NA,FALSE,NA,NA
b1_grab_0719,b1_gr_0719,Banook 1,2022-07-19,Grab,NA,100,15.9043,NA,NA,NA,500,Norovirus,NA,FALSE,NA,NA
b1_grab_0719,b1_gr_0719,Banook 1,2022-07-19,Grab,NA,100,15.9043,NA,NA,NA,500,Enterovirus,NA,FALSE,NA,NA
b1_gac_0719,b1_gac_0719,Banook 1,2022-07-19,GAC,tween_bead,NA,NA,3000,6,1000,500,Influenza A,30.24,TRUE,74.57953614977026,161.5889949911689
b1_gac_0719,b1_gac_0719,Banook 1,2022-07-19,GAC,tween_bead,NA,NA,3000,6,1000,500,RSV,26.1,TRUE,1482.3857997556718,3211.8358994706223
b1_gac_0719,b1_gac_0719,Banook 1,2022-07-19,GAC,tween_bead,NA,NA,3000,6,1000,500,Sars-Cov2,NA,FALSE,NA,NA
b1_gac_0719,b1_gac_0719,Banook 1,2022-07-19,GAC,tween_bead,NA,NA,3000,6,1000,500,Measles,NA,FALSE,NA,NA
b1_gac_0719,b1_gac_0719,Banook 1,2022-07-19,GAC,tween_bead,NA,NA,3000,6,1000,500,Adenovirus,31.8,TRUE,60.45390900625483,130.98346951355214
b1_gac_0719,b1_gac_0719,Banook 1,2022-07-19,GAC,tween_bead,NA,NA,3000,6,1000,500,Rotavirus,NA,FALSE,NA,NA
b1_gac_0719,b1_gac_0719,Banook 1,2022-07-19,GAC,tween_bead,NA,NA,3000,6,1000,500,Norovirus,38.15,FALSE,1.4864050240685651,3.2205442188152245
b1_gac_0719,b1_gac_0719,Banook 1,2022-07-19,GAC,tween_bead,NA,NA,3000,6,1000,500,Enterovirus,NA,FALSE,NA,NA
b2_grab_0719,b2_gr_0719,Banook 2,2022-07-19,Grab,NA,100,15.9043,NA,NA,NA,500,Influenza A,NA,FALSE,NA,NA
b2_grab_0719,b2_gr_0719,Banook 2,2022-07-19,Grab,NA,100,15.9043,NA,NA,NA,500,RSV,NA,FALSE,NA,NA
b2_grab_0719,b2_gr_0719,Banook 2,2022-07-19,Grab,NA,100,15.9043,NA,NA,NA,500,Sars-Cov2,NA,FALSE,NA,NA
b2_grab_0719,b2_gr_0719,Banook 2,2022-07-19,Grab,NA,100,15.9043,NA,NA,NA,500,Measles,NA,FALSE,NA,NA
b2_grab_0719,b2_gr_0719,Banook 2,2022-07-19,Grab,NA,100,15.9043,NA,NA,NA,500,Adenovirus,NA,FALSE,NA,NA
b2_grab_0719,b2_gr_0719,Banook 2,2022-07-19,Grab,NA,100,15.9043,NA,NA,NA,500,Rotavirus,NA,FALSE,NA,NA
b2_grab_0719,b2_gr_0719,Banook 2,2022-07-19,Grab,NA,100,15.9043,NA,NA,NA,500,Norovirus,NA,FALSE,NA,NA
b2_grab_0719,b2_gr_0719,Banook 2,2022-07-19,Grab,NA,100,15.9043,NA,NA,NA,500,Enterovirus,NA,FALSE,NA,NA
b2_gac_0719,b2_gac_0719,Banook 2,2022-07-19,GAC,tween_bead,NA,NA,3000,6,1000,500,Influenza A,29.38,TRUE,141.61755341685222,306.8380324031798
b2_gac_0719,b2_gac_0719,Banook 2,2022-07-19,GAC,tween_bead,NA,NA,3000,6,1000,500,RSV,NA,FALSE,NA,NA
b2_gac_0719,b2_gac_0719,Banook 2,2022-07-19,GAC,tween_bead,NA,NA,3000,6,1000,500,Sars-Cov2,NA,FALSE,NA,NA
b2_gac_0719,b2_gac_0719,Banook 2,2022-07-19,GAC,tween_bead,NA,NA,3000,6,1000,500,Measles,NA,FALSE,NA,NA
b2_gac_0719,b2_gac_0719,Banook 2,2022-07-19,GAC,tween_bead,NA,NA,3000,6,1000,500,Adenovirus,32.57,TRUE,35.240901530391675,76.35528664918196
b2_gac_0719,b2_gac_0719,Banook 2,2022-07-19,GAC,tween_bead,NA,NA,3000,6,1000,500,Rotavirus,36.12,TRUE,5.2701613125368825,11.418682843829913
b2_gac_0719,b2_gac_0719,Banook 2,2022-07-19,GAC,tween_bead,NA,NA,3000,6,1000,500,Norovirus,34.9,TRUE,13.61172045633119,29.492060988717576
b2_gac_0719,b2_gac_0719,Banook 2,2022-07-19,GAC,tween_bead,NA,NA,3000,6,1000,500,Enterovirus,NA,FALSE,NA,NA
b1_gac_0726,b1_gac_0726,Banook 1,2022-07-26,GAC,tween_bead,NA,NA,3000,6,1000,500,Influenza A,NA,FALSE,NA,NA
b1_gac_0726,b1_gac_0726,Banook 1,2022-07-26,GAC,tween_bead,NA,NA,3000,6,1000,500,RSV,23.37,TRUE,9349.184798668977,20256.567063782782
b1_gac_0726,b1_gac_0726,Banook 1,2022-07-26,GAC,tween_bead,NA,NA,3000,6,1000,500,Sars-Cov2,NA,FALSE,NA,NA
b1_gac_0726,b1_gac_0726,Banook 1,2022-07-26,GAC,tween_bead,NA,NA,3000,6,1000,500,Measles,NA,FALSE,NA,NA
b1_gac_0726,b1_gac_0726,Banook 1,2022-07-26,GAC,tween_bead,NA,NA,3000,6,1000,500,Adenovirus,31.39,TRUE,80.5791593267572,174.5881785413073
b1_gac_0726,b1_gac_0726,Banook 1,2022-07-26,GAC,tween_bead,NA,NA,3000,6,1000,500,Rotavirus,NA,FALSE,NA,NA
b1_gac_0726,b1_gac_0726,Banook 1,2022-07-26,GAC,tween_bead,NA,NA,3000,6,1000,500,Norovirus,34.15,TRUE,22.691400236621664,49.16470051268028
b1_gac_0726,b1_gac_0726,Banook 1,2022-07-26,GAC,tween_bead,NA,NA,3000,6,1000,500,Enterovirus,34.13,TRUE,3.9222626480804066,8.498235737507548
b2_gac_0726,b2_gac_0726,Banook 2,2022-07-26,GAC,tween_bead,NA,NA,3000,6,1000,500,Influenza A,NA,FALSE,NA,NA
b2_gac_0726,b2_gac_0726,Banook 2,2022-07-26,GAC,tween_bead,NA,NA,3000,6,1000,500,RSV,33.93,TRUE,7.533443432346691,16.322460770084497
b2_gac_0726,b2_gac_0726,Banook 2,2022-07-26,GAC,tween_bead,NA,NA,3000,6,1000,500,Sars-Cov2,NA,FALSE,NA,NA
b2_gac_0726,b2_gac_0726,Banook 2,2022-07-26,GAC,tween_bead,NA,NA,3000,6,1000,500,Measles,NA,FALSE,NA,NA
b2_gac_0726,b2_gac_0726,Banook 2,2022-07-26,GAC,tween_bead,NA,NA,3000,6,1000,500,Adenovirus,31.62,TRUE,68.582593607997,148.5956194839935
b2_gac_0726,b2_gac_0726,Banook 2,2022-07-26,GAC,tween_bead,NA,NA,3000,6,1000,500,Rotavirus,NA,FALSE,NA,NA
b2_gac_0726,b2_gac_0726,Banook 2,2022-07-26,GAC,tween_bead,NA,NA,3000,6,1000,500,Norovirus,NA,FALSE,NA,NA
b2_gac_0726,b2_gac_0726,Banook 2,2022-07-26,GAC,tween_bead,NA,NA,3000,6,1000,500,Enterovirus,NA,FALSE,NA,NA
b1_grab_0726,b1_gr_0726,Banook 1,2022-07-26,Grab,NA,100,15.9043,NA,NA,NA,500,Influenza A,NA,FALSE,NA,NA
b1_grab_0726,b1_gr_0726,Banook 1,2022-07-26,Grab,NA,100,15.9043,NA,NA,NA,500,RSV,NA,FALSE,NA,NA
b1_grab_0726,b1_gr_0726,Banook 1,2022-07-26,Grab,NA,100,15.9043,NA,NA,NA,500,Sars-Cov2,NA,FALSE,NA,NA
b1_grab_0726,b1_gr_0726,Banook 1,2022-07-26,Grab,NA,100,15.9043,NA,NA,NA,500,Measles,NA,FALSE,NA,NA
b1_grab_0726,b1_gr_0726,Banook 1,2022-07-26,Grab,NA,100,15.9043,NA,NA,NA,500,Adenovirus,NA,FALSE,NA,NA
b1_grab_0726,b1_gr_0726,Banook 1,2022-07-26,Grab,NA,100,15.9043,NA,NA,NA,500,Rotavirus,NA,FALSE,NA,NA
b1_grab_0726,b1_gr_0726,Banook 1,2022-07-26,Grab,NA,100,15.9043,NA,NA,NA,500,Norovirus,NA,FALSE,NA,NA
b1_grab_0726,b1_gr_0726,Banook 1,2022-07-26,Grab,NA,100,15.9043,NA,NA,NA,500,Enterovirus,NA,FALSE,NA,NA
b2_grab_0726,b2_gr_0726,Banook 2,2022-07-26,Grab,NA,100,15.9043,NA,NA,NA,500,Influenza A,NA,FALSE,NA,NA
b2_grab_0726,b2_gr_0726,Banook 2,2022-07-26,Grab,NA,100,15.9043,NA,NA,NA,500,RSV,NA,FALSE,NA,NA
b2_grab_0726,b2_gr_0726,Banook 2,2022-07-26,Grab,NA,100,15.9043,NA,NA,NA,500,Sars-Cov2,NA,FALSE,NA,NA
b2_grab_0726,b2_gr_0726,Banook 2,2022-07-26,Grab,NA,100,15.9043,NA,NA,NA,500,Measles,NA,FALSE,NA,NA
b2_grab_0726,b2_gr_0726,Banook 2,2022-07-26,Grab,NA,100,15.9043,NA,NA,NA,500,Adenovirus,NA,FALSE,NA,NA
b2_grab_0726,b2_gr_0726,Banook 2,2022-07-26,Grab,NA,100,15.9043,NA,NA,NA,500,Rotavirus,NA,FALSE,NA,NA
b2_grab_0726,b2_gr_0726,Banook 2,2022-07-26,Grab,NA,100,15.9043,NA,NA,NA,500,Norovirus,NA,FALSE,NA,NA
b2_grab_0726,b2_gr_0726,Banook 2,2022-07-26,Grab,NA,100,15.9043,NA,NA,NA,500,Enterovirus,NA,FALSE,NA,NA
b1_gac_0802,b1_gac_0802,Banook 1,2022-08-02,GAC,tween_bead,NA,NA,3000,6,1000,500,Influenza A,NA,FALSE,NA,NA
b1_gac_0802,b1_gac_0802,Banook 1,2022-08-02,GAC,tween_bead,NA,NA,3000,6,1000,500,RSV,NA,FALSE,NA,NA
b1_gac_0802,b1_gac_0802,Banook 1,2022-08-02,GAC,tween_bead,NA,NA,3000,6,1000,500,Sars-Cov2,NA,FALSE,NA,NA
b1_gac_0802,b1_gac_0802,Banook 1,2022-08-02,GAC,tween_bead,NA,NA,3000,6,1000,500,Measles,NA,FALSE,NA,NA
b1_gac_0802,b1_gac_0802,Banook 1,2022-08-02,GAC,tween_bead,NA,NA,3000,6,1000,500,Adenovirus,33.01,TRUE,25.88910754981995,56.09306635794323
b1_gac_0802,b1_gac_0802,Banook 1,2022-08-02,GAC,tween_bead,NA,NA,3000,6,1000,500,Rotavirus,NA,FALSE,NA,NA
b1_gac_0802,b1_gac_0802,Banook 1,2022-08-02,GAC,tween_bead,NA,NA,3000,6,1000,500,Norovirus,NA,FALSE,NA,NA
b1_gac_0802,b1_gac_0802,Banook 1,2022-08-02,GAC,tween_bead,NA,NA,3000,6,1000,500,Enterovirus,NA,FALSE,NA,NA
b1_grab_0802,b1_gr_0802,Banook 1,2022-08-02,Grab,NA,100,15.9043,NA,NA,NA,500,Influenza A,NA,FALSE,NA,NA
b1_grab_0802,b1_gr_0802,Banook 1,2022-08-02,Grab,NA,100,15.9043,NA,NA,NA,500,RSV,NA,FALSE,NA,NA
b1_grab_0802,b1_gr_0802,Banook 1,2022-08-02,Grab,NA,100,15.9043,NA,NA,NA,500,Sars-Cov2,NA,FALSE,NA,NA
b1_grab_0802,b1_gr_0802,Banook 1,2022-08-02,Grab,NA,100,15.9043,NA,NA,NA,500,Measles,NA,FALSE,NA,NA
b1_grab_0802,b1_gr_0802,Banook 1,2022-08-02,Grab,NA,100,15.9043,NA,NA,NA,500,Adenovirus,NA,FALSE,NA,NA
b1_grab_0802,b1_gr_0802,Banook 1,2022-08-02,Grab,NA,100,15.9043,NA,NA,NA,500,Rotavirus,NA,FALSE,NA,NA
b1_grab_0802,b1_gr_0802,Banook 1,2022-08-02,Grab,NA,100,15.9043,NA,NA,NA,500,Norovirus,NA,FALSE,NA,NA
b1_grab_0802,b1_gr_0802,Banook 1,2022-08-02,Grab,NA,100,15.9043,NA,NA,NA,500,Enterovirus,NA,FALSE,NA,NA
b2_grab_0802,b2_gr_0802,Banook 2,2022-08-02,Grab,NA,100,15.9043,NA,NA,NA,500,Influenza A,NA,FALSE,NA,NA
b2_grab_0802,b2_gr_0802,Banook 2,2022-08-02,Grab,NA,100,15.9043,NA,NA,NA,500,RSV,NA,FALSE,NA,NA
b2_grab_0802,b2_gr_0802,Banook 2,2022-08-02,Grab,NA,100,15.9043,NA,NA,NA,500,Sars-Cov2,NA,FALSE,NA,NA
b2_grab_0802,b2_gr_0802,Banook 2,2022-08-02,Grab,NA,100,15.9043,NA,NA,NA,500,Measles,NA,FALSE,NA,NA
b2_grab_0802,b2_gr_0802,Banook 2,2022-08-02,Grab,NA,100,15.9043,NA,NA,NA,500,Adenovirus,NA,FALSE,NA,NA
b2_grab_0802,b2_gr_0802,Banook 2,2022-08-02,Grab,NA,100,15.9043,NA,NA,NA,500,Rotavirus,NA,FALSE,NA,NA
b2_grab_0802,b2_gr_0802,Banook 2,2022-08-02,Grab,NA,100,15.9043,NA,NA,NA,500,Norovirus,NA,FALSE,NA,NA
b2_grab_0802,b2_gr_0802,Banook 2,2022-08-02,Grab,NA,100,15.9043,NA,NA,NA,500,Enterovirus,NA,FALSE,NA,NA
b1_gac_0809,b1_gac_0809,Banook 1,2022-08-09,GAC,tween_bead,NA,NA,3000,6,1000,500,Influenza A,NA,FALSE,NA,NA
b1_gac_0809,b1_gac_0809,Banook 1,2022-08-09,GAC,tween_bead,NA,NA,3000,6,1000,500,RSV,NA,FALSE,NA,NA
b1_gac_0809,b1_gac_0809,Banook 1,2022-08-09,GAC,tween_bead,NA,NA,3000,6,1000,500,Sars-Cov2,NA,FALSE,NA,NA
b1_gac_0809,b1_gac_0809,Banook 1,2022-08-09,GAC,tween_bead,NA,NA,3000,6,1000,500,Measles,NA,FALSE,NA,NA
b1_gac_0809,b1_gac_0809,Banook 1,2022-08-09,GAC,tween_bead,NA,NA,3000,6,1000,500,Adenovirus,31.27,TRUE,87.6494260873118,189.9070898558422
b1_gac_0809,b1_gac_0809,Banook 1,2022-08-09,GAC,tween_bead,NA,NA,3000,6,1000,500,Rotavirus,NA,FALSE,NA,NA
b1_gac_0809,b1_gac_0809,Banook 1,2022-08-09,GAC,tween_bead,NA,NA,3000,6,1000,500,Norovirus,NA,FALSE,NA,NA
b1_gac_0809,b1_gac_0809,Banook 1,2022-08-09,GAC,tween_bead,NA,NA,3000,6,1000,500,Enterovirus,NA,FALSE,NA,NA
b2_gac_0809,b2_gac_0809,Banook 2,2022-08-09,GAC,tween_bead,NA,NA,3000,6,1000,500,Influenza A,NA,FALSE,NA,NA
b2_gac_0809,b2_gac_0809,Banook 2,2022-08-09,GAC,tween_bead,NA,NA,3000,6,1000,500,RSV,29.8,TRUE,122.17048140712505,264.7027097154376
b2_gac_0809,b2_gac_0809,Banook 2,2022-08-09,GAC,tween_bead,NA,NA,3000,6,1000,500,Sars-Cov2,NA,FALSE,NA,NA
b2_gac_0809,b2_gac_0809,Banook 2,2022-08-09,GAC,tween_bead,NA,NA,3000,6,1000,500,Measles,NA,FALSE,NA,NA
b2_gac_0809,b2_gac_0809,Banook 2,2022-08-09,GAC,tween_bead,NA,NA,3000,6,1000,500,Adenovirus,31.6,TRUE,69.55071980767666,150.6932262499661
b2_gac_0809,b2_gac_0809,Banook 2,2022-08-09,GAC,tween_bead,NA,NA,3000,6,1000,500,Rotavirus,NA,FALSE,NA,NA
b2_gac_0809,b2_gac_0809,Banook 2,2022-08-09,GAC,tween_bead,NA,NA,3000,6,1000,500,Norovirus,25.43,TRUE,8637.3377576899,18714.231808328117
b2_gac_0809,b2_gac_0809,Banook 2,2022-08-09,GAC,tween_bead,NA,NA,3000,6,1000,500,Enterovirus,30.83,TRUE,44.2339678847516,95.84026375029514
b1_grab_0809,b1_gr_0809,Banook 1,2022-08-09,Grab,NA,100,15.9043,NA,NA,NA,500,Influenza A,NA,FALSE,NA,NA
b1_grab_0809,b1_gr_0809,Banook 1,2022-08-09,Grab,NA,100,15.9043,NA,NA,NA,500,RSV,NA,FALSE,NA,NA
b1_grab_0809,b1_gr_0809,Banook 1,2022-08-09,Grab,NA,100,15.9043,NA,NA,NA,500,Sars-Cov2,NA,FALSE,NA,NA
b1_grab_0809,b1_gr_0809,Banook 1,2022-08-09,Grab,NA,100,15.9043,NA,NA,NA,500,Measles,NA,FALSE,NA,NA
b1_grab_0809,b1_gr_0809,Banook 1,2022-08-09,Grab,NA,100,15.9043,NA,NA,NA,500,Adenovirus,NA,FALSE,NA,NA
b1_grab_0809,b1_gr_0809,Banook 1,2022-08-09,Grab,NA,100,15.9043,NA,NA,NA,500,Rotavirus,NA,FALSE,NA,NA
b1_grab_0809,b1_gr_0809,Banook 1,2022-08-09,Grab,NA,100,15.9043,NA,NA,NA,500,Norovirus,NA,FALSE,NA,NA
b1_grab_0809,b1_gr_0809,Banook 1,2022-08-09,Grab,NA,100,15.9043,NA,NA,NA,500,Enterovirus,NA,FALSE,NA,NA
b2_grab_0809,b2_gr_0809,Banook 2,2022-08-09,Grab,NA,100,15.9043,NA,NA,NA,500,Influenza A,NA,FALSE,NA,NA
b2_grab_0809,b2_gr_0809,Banook 2,2022-08-09,Grab,NA,100,15.9043,NA,NA,NA,500,RSV,NA,FALSE,NA,NA
b2_grab_0809,b2_gr_0809,Banook 2,2022-08-09,Grab,NA,100,15.9043,NA,NA,NA,500,Sars-Cov2,NA,FALSE,NA,NA
b2_grab_0809,b2_gr_0809,Banook 2,2022-08-09,Grab,NA,100,15.9043,NA,NA,NA,500,Measles,NA,FALSE,NA,NA
b2_grab_0809,b2_gr_0809,Banook 2,2022-08-09,Grab,NA,100,15.9043,NA,NA,NA,500,Adenovirus,NA,FALSE,NA,NA
b2_grab_0809,b2_gr_0809,Banook 2,2022-08-09,Grab,NA,100,15.9043,NA,NA,NA,500,Rotavirus,NA,FALSE,NA,NA
b2_grab_0809,b2_gr_0809,Banook 2,2022-08-09,Grab,NA,100,15.9043,NA,NA,NA,500,Norovirus,NA,FALSE,NA,NA
b2_grab_0809,b2_gr_0809,Banook 2,2022-08-09,Grab,NA,100,15.9043,NA,NA,NA,500,Enterovirus,NA,FALSE,NA,NA
b1_gac_0816,b1_gac_0816,Banook 1,2022-08-16,GAC,tween_bead,NA,NA,3000,6,1000,500,Influenza A,NA,FALSE,NA,NA
b1_gac_0816,b1_gac_0816,Banook 1,2022-08-16,GAC,tween_bead,NA,NA,3000,6,1000,500,RSV,26.38,TRUE,1227.2391324596917,2659.0181203293323
b1_gac_0816,b1_gac_0816,Banook 1,2022-08-16,GAC,tween_bead,NA,NA,3000,6,1000,500,Sars-Cov2,NA,FALSE,NA,NA
b1_gac_0816,b1_gac_0816,Banook 1,2022-08-16,GAC,tween_bead,NA,NA,3000,6,1000,500,Measles,NA,FALSE,NA,NA
b1_gac_0816,b1_gac_0816,Banook 1,2022-08-16,GAC,tween_bead,NA,NA,3000,6,1000,500,Adenovirus,31.4,TRUE,80.01637454520059,173.36881151460128
b1_gac_0816,b1_gac_0816,Banook 1,2022-08-16,GAC,tween_bead,NA,NA,3000,6,1000,500,Rotavirus,NA,FALSE,NA,NA
b1_gac_0816,b1_gac_0816,Banook 1,2022-08-16,GAC,tween_bead,NA,NA,3000,6,1000,500,Norovirus,32.89,TRUE,53.54690792626236,116.01830050690177
b1_gac_0816,b1_gac_0816,Banook 1,2022-08-16,GAC,tween_bead,NA,NA,3000,6,1000,500,Enterovirus,NA,FALSE,NA,NA
b1_grab_0816,b1_gr_0816,Banook 1,2022-08-16,Grab,NA,100,NA,NA,NA,NA,500,Influenza A,NA,FALSE,NA,NA
b1_grab_0816,b1_gr_0816,Banook 1,2022-08-16,Grab,NA,100,NA,NA,NA,NA,500,RSV,NA,FALSE,NA,NA
b1_grab_0816,b1_gr_0816,Banook 1,2022-08-16,Grab,NA,100,NA,NA,NA,NA,500,Sars-Cov2,NA,FALSE,NA,NA
b1_grab_0816,b1_gr_0816,Banook 1,2022-08-16,Grab,NA,100,NA,NA,NA,NA,500,Measles,NA,FALSE,NA,NA
b1_grab_0816,b1_gr_0816,Banook 1,2022-08-16,Grab,NA,100,NA,NA,NA,NA,500,Adenovirus,NA,FALSE,NA,NA
b1_grab_0816,b1_gr_0816,Banook 1,2022-08-16,Grab,NA,100,NA,NA,NA,NA,500,Rotavirus,NA,FALSE,NA,NA
b1_grab_0816,b1_gr_0816,Banook 1,2022-08-16,Grab,NA,100,NA,NA,NA,NA,500,Norovirus,NA,FALSE,NA,NA
b1_grab_0816,b1_gr_0816,Banook 1,2022-08-16,Grab,NA,100,NA,NA,NA,NA,500,Enterovirus,NA,FALSE,NA,NA
b2_gac_0816,b2_gac_0816,Banook 2,2022-08-16,GAC,tween_bead,NA,NA,3000,6,1000,500,Influenza A,NA,FALSE,NA,NA
b2_gac_0816,b2_gac_0816,Banook 2,2022-08-16,GAC,tween_bead,NA,NA,3000,6,1000,500,RSV,NA,FALSE,NA,NA
b2_gac_0816,b2_gac_0816,Banook 2,2022-08-16,GAC,tween_bead,NA,NA,3000,6,1000,500,Sars-Cov2,NA,FALSE,NA,NA
b2_gac_0816,b2_gac_0816,Banook 2,2022-08-16,GAC,tween_bead,NA,NA,3000,6,1000,500,Measles,NA,FALSE,NA,NA
b2_gac_0816,b2_gac_0816,Banook 2,2022-08-16,GAC,tween_bead,NA,NA,3000,6,1000,500,Adenovirus,30.5,TRUE,150.35797039877588,325.77560253068106
b2_gac_0816,b2_gac_0816,Banook 2,2022-08-16,GAC,tween_bead,NA,NA,3000,6,1000,500,Rotavirus,NA,FALSE,NA,NA
b2_gac_0816,b2_gac_0816,Banook 2,2022-08-16,GAC,tween_bead,NA,NA,3000,6,1000,500,Norovirus,NA,FALSE,NA,NA
b2_gac_0816,b2_gac_0816,Banook 2,2022-08-16,GAC,tween_bead,NA,NA,3000,6,1000,500,Enterovirus,33.68,TRUE,5.457843923066522,11.825328499977465
b2_grab_0816,b2_gr_0816,Banook 2,2022-08-16,Grab,NA,100,NA,NA,NA,NA,500,Influenza A,NA,FALSE,NA,NA
b2_grab_0816,b2_gr_0816,Banook 2,2022-08-16,Grab,NA,100,NA,NA,NA,NA,500,RSV,NA,FALSE,NA,NA
b2_grab_0816,b2_gr_0816,Banook 2,2022-08-16,Grab,NA,100,NA,NA,NA,NA,500,Sars-Cov2,NA,FALSE,NA,NA
b2_grab_0816,b2_gr_0816,Banook 2,2022-08-16,Grab,NA,100,NA,NA,NA,NA,500,Measles,NA,FALSE,NA,NA
b2_grab_0816,b2_gr_0816,Banook 2,2022-08-16,Grab,NA,100,NA,NA,NA,NA,500,Adenovirus,NA,FALSE,NA,NA
b2_grab_0816,b2_gr_0816,Banook 2,2022-08-16,Grab,NA,100,NA,NA,NA,NA,500,Rotavirus,NA,FALSE,NA,NA
b2_grab_0816,b2_gr_0816,Banook 2,2022-08-16,Grab,NA,100,NA,NA,NA,NA,500,Norovirus,NA,FALSE,NA,NA
b2_grab_0816,b2_gr_0816,Banook 2,2022-08-16,Grab,NA,100,NA,NA,NA,NA,500,Enterovirus,NA,FALSE,NA,NA
b1_grab_0830,b1_gr_0830,Banook 1,2022-08-30,Grab,NA,100,NA,NA,NA,NA,500,Influenza A,NA,FALSE,NA,NA
b1_grab_0830,b1_gr_0830,Banook 1,2022-08-30,Grab,NA,100,NA,NA,NA,NA,500,RSV,NA,FALSE,NA,NA
b1_grab_0830,b1_gr_0830,Banook 1,2022-08-30,Grab,NA,100,NA,NA,NA,NA,500,Sars-Cov2,NA,FALSE,NA,NA
b1_grab_0830,b1_gr_0830,Banook 1,2022-08-30,Grab,NA,100,NA,NA,NA,NA,500,Measles,NA,FALSE,NA,NA
b1_grab_0830,b1_gr_0830,Banook 1,2022-08-30,Grab,NA,100,NA,NA,NA,NA,500,Adenovirus,NA,FALSE,NA,NA
b1_grab_0830,b1_gr_0830,Banook 1,2022-08-30,Grab,NA,100,NA,NA,NA,NA,500,Rotavirus,NA,FALSE,NA,NA
b1_grab_0830,b1_gr_0830,Banook 1,2022-08-30,Grab,NA,100,NA,NA,NA,NA,500,Norovirus,NA,FALSE,NA,NA
b1_grab_0830,b1_gr_0830,Banook 1,2022-08-30,Grab,NA,100,NA,NA,NA,NA,500,Enterovirus,NA,FALSE,NA,NA
b2_grab_0830,b2_gr_0830,Banook 2,2022-08-30,Grab,NA,100,NA,NA,NA,NA,500,Influenza A,NA,FALSE,NA,NA
b2_grab_0830,b2_gr_0830,Banook 2,2022-08-30,Grab,NA,100,NA,NA,NA,NA,500,RSV,NA,FALSE,NA,NA
b2_grab_0830,b2_gr_0830,Banook 2,2022-08-30,Grab,NA,100,NA,NA,NA,NA,500,Sars-Cov2,NA,FALSE,NA,NA
b2_grab_0830,b2_gr_0830,Banook 2,2022-08-30,Grab,NA,100,NA,NA,NA,NA,500,Measles,NA,FALSE,NA,NA
b2_grab_0830,b2_gr_0830,Banook 2,2022-08-30,Grab,NA,100,NA,NA,NA,NA,500,Adenovirus,NA,FALSE,NA,NA
b2_grab_0830,b2_gr_0830,Banook 2,2022-08-30,Grab,NA,100,NA,NA,NA,NA,500,Rotavirus,NA,FALSE,NA,NA
b2_grab_0830,b2_gr_0830,Banook 2,2022-08-30,Grab,NA,100,NA,NA,NA,NA,500,Norovirus,NA,FALSE,NA,NA
b2_grab_0830,b2_gr_0830,Banook 2,2022-08-30,Grab,NA,100,NA,NA,NA,NA,500,Enterovirus,NA,FALSE,NA,NA
b1_gac_0830,b1_gac_0830,Banook 1,2022-08-30,GAC,tween_bead,NA,NA,3000,6,1000,500,Influenza A,NA,FALSE,NA,NA
b1_gac_0830,b1_gac_0830,Banook 1,2022-08-30,GAC,tween_bead,NA,NA,3000,6,1000,500,RSV,20.22,TRUE,78277.0263663052,169600.22379366128
b1_gac_0830,b1_gac_0830,Banook 1,2022-08-30,GAC,tween_bead,NA,NA,3000,6,1000,500,Sars-Cov2,NA,FALSE,NA,NA
b1_gac_0830,b1_gac_0830,Banook 1,2022-08-30,GAC,tween_bead,NA,NA,3000,6,1000,500,Measles,NA,FALSE,NA,NA
b1_gac_0830,b1_gac_0830,Banook 1,2022-08-30,GAC,tween_bead,NA,NA,3000,6,1000,500,Adenovirus,29.57,TRUE,288.53973302824846,625.169421561205
b1_gac_0830,b1_gac_0830,Banook 1,2022-08-30,GAC,tween_bead,NA,NA,3000,6,1000,500,Rotavirus,NA,FALSE,NA,NA
b1_gac_0830,b1_gac_0830,Banook 1,2022-08-30,GAC,tween_bead,NA,NA,3000,6,1000,500,Norovirus,NA,FALSE,NA,NA
b1_gac_0830,b1_gac_0830,Banook 1,2022-08-30,GAC,tween_bead,NA,NA,3000,6,1000,500,Enterovirus,NA,FALSE,NA,NA
b2_gac_0830,b2_gac_0830,Banook 2,2022-08-30,GAC,tween_bead,NA,NA,3000,6,1000,500,Influenza A,33.11,TRUE,8.774361695122527,19.01111700609881
b2_gac_0830,b2_gac_0830,Banook 2,2022-08-30,GAC,tween_bead,NA,NA,3000,6,1000,500,RSV,NA,FALSE,NA,NA
b2_gac_0830,b2_gac_0830,Banook 2,2022-08-30,GAC,tween_bead,NA,NA,3000,6,1000,500,Sars-Cov2,NA,FALSE,NA,NA
b2_gac_0830,b2_gac_0830,Banook 2,2022-08-30,GAC,tween_bead,NA,NA,3000,6,1000,500,Measles,NA,FALSE,NA,NA
b2_gac_0830,b2_gac_0830,Banook 2,2022-08-30,GAC,tween_bead,NA,NA,3000,6,1000,500,Adenovirus,32.55,TRUE,35.73836944866434,77.43313380543941
b2_gac_0830,b2_gac_0830,Banook 2,2022-08-30,GAC,tween_bead,NA,NA,3000,6,1000,500,Rotavirus,NA,FALSE,NA,NA
b2_gac_0830,b2_gac_0830,Banook 2,2022-08-30,GAC,tween_bead,NA,NA,3000,6,1000,500,Norovirus,34.47,TRUE,18.2458191361444,39.532608128312866
b2_gac_0830,b2_gac_0830,Banook 2,2022-08-30,GAC,tween_bead,NA,NA,3000,6,1000,500,Enterovirus,20.36,TRUE,96418.5362273308,208906.82849255006
b1_grab_0906,b1_gr_0906,Banook 1,2022-09-06,Grab,NA,100,NA,NA,NA,NA,500,Influenza A,NA,FALSE,NA,NA
b1_grab_0906,b1_gr_0906,Banook 1,2022-09-06,Grab,NA,100,NA,NA,NA,NA,500,RSV,NA,FALSE,NA,NA
b1_grab_0906,b1_gr_0906,Banook 1,2022-09-06,Grab,NA,100,NA,NA,NA,NA,500,Sars-Cov2,NA,FALSE,NA,NA
b1_grab_0906,b1_gr_0906,Banook 1,2022-09-06,Grab,NA,100,NA,NA,NA,NA,500,Measles,NA,FALSE,NA,NA
b1_grab_0906,b1_gr_0906,Banook 1,2022-09-06,Grab,NA,100,NA,NA,NA,NA,500,Adenovirus,NA,FALSE,NA,NA
b1_grab_0906,b1_gr_0906,Banook 1,2022-09-06,Grab,NA,100,NA,NA,NA,NA,500,Rotavirus,NA,FALSE,NA,NA
b1_grab_0906,b1_gr_0906,Banook 1,2022-09-06,Grab,NA,100,NA,NA,NA,NA,500,Norovirus,NA,FALSE,NA,NA
b1_grab_0906,b1_gr_0906,Banook 1,2022-09-06,Grab,NA,100,NA,NA,NA,NA,500,Enterovirus,NA,FALSE,NA,NA
b2_grab_0906,b2_gr_0906,Banook 2,2022-09-06,Grab,NA,100,NA,NA,NA,NA,500,Influenza A,NA,FALSE,NA,NA
b2_grab_0906,b2_gr_0906,Banook 2,2022-09-06,Grab,NA,100,NA,NA,NA,NA,500,RSV,NA,FALSE,NA,NA
b2_grab_0906,b2_gr_0906,Banook 2,2022-09-06,Grab,NA,100,NA,NA,NA,NA,500,Sars-Cov2,NA,FALSE,NA,NA
b2_grab_0906,b2_gr_0906,Banook 2,2022-09-06,Grab,NA,100,NA,NA,NA,NA,500,Measles,NA,FALSE,NA,NA
b2_grab_0906,b2_gr_0906,Banook 2,2022-09-06,Grab,NA,100,NA,NA,NA,NA,500,Adenovirus,NA,FALSE,NA,NA
b2_grab_0906,b2_gr_0906,Banook 2,2022-09-06,Grab,NA,100,NA,NA,NA,NA,500,Rotavirus,NA,FALSE,NA,NA
b2_grab_0906,b2_gr_0906,Banook 2,2022-09-06,Grab,NA,100,NA,NA,NA,NA,500,Norovirus,NA,FALSE,NA,NA
b2_grab_0906,b2_gr_0906,Banook 2,2022-09-06,Grab,NA,100,NA,NA,NA,NA,500,Enterovirus,NA,FALSE,NA,NA
b1_gac_0906,b1_gac_0906,Banook 1,2022-09-06,GAC,sonic_tween,NA,NA,3000,6,1000,500,Influenza A,35.86,TRUE,1.128941638692128,2.4460402171662774
b1_gac_0906,b1_gac_0906,Banook 1,2022-09-06,GAC,sonic_tween,NA,NA,3000,6,1000,500,RSV,NA,FALSE,NA,NA
b1_gac_0906,b1_gac_0906,Banook 1,2022-09-06,GAC,sonic_tween,NA,NA,3000,6,1000,500,Sars-Cov2,NA,FALSE,NA,NA
b1_gac_0906,b1_gac_0906,Banook 1,2022-09-06,GAC,sonic_tween,NA,NA,3000,6,1000,500,Measles,NA,FALSE,NA,NA
b1_gac_0906,b1_gac_0906,Banook 1,2022-09-06,GAC,sonic_tween,NA,NA,3000,6,1000,500,Adenovirus,32.09,TRUE,49.33468828121506,106.89182460929929
b1_gac_0906,b1_gac_0906,Banook 1,2022-09-06,GAC,sonic_tween,NA,NA,3000,6,1000,500,Rotavirus,NA,FALSE,NA,NA
b1_gac_0906,b1_gac_0906,Banook 1,2022-09-06,GAC,sonic_tween,NA,NA,3000,6,1000,500,Norovirus,NA,FALSE,NA,NA
b1_gac_0906,b1_gac_0906,Banook 1,2022-09-06,GAC,sonic_tween,NA,NA,3000,6,1000,500,Enterovirus,NA,FALSE,NA,NA
b2_gac_0906,b2_gac_0906,Banook 2,2022-09-06,GAC,sonic_tween,NA,NA,3000,6,1000,500,Influenza A,35.81,TRUE,1.1718261929521894,2.53895675139641
b2_gac_0906,b2_gac_0906,Banook 2,2022-09-06,GAC,sonic_tween,NA,NA,3000,6,1000,500,RSV,NA,FALSE,NA,NA
b2_gac_0906,b2_gac_0906,Banook 2,2022-09-06,GAC,sonic_tween,NA,NA,3000,6,1000,500,Sars-Cov2,NA,FALSE,NA,NA
b2_gac_0906,b2_gac_0906,Banook 2,2022-09-06,GAC,sonic_tween,NA,NA,3000,6,1000,500,Measles,NA,FALSE,NA,NA
b2_gac_0906,b2_gac_0906,Banook 2,2022-09-06,GAC,sonic_tween,NA,NA,3000,6,1000,500,Adenovirus,31.02,TRUE,104.43489346827761,226.27560251460147
b2_gac_0906,b2_gac_0906,Banook 2,2022-09-06,GAC,sonic_tween,NA,NA,3000,6,1000,500,Rotavirus,NA,FALSE,NA,NA
b2_gac_0906,b2_gac_0906,Banook 2,2022-09-06,GAC,sonic_tween,NA,NA,3000,6,1000,500,Norovirus,NA,FALSE,NA,NA
b2_gac_0906,b2_gac_0906,Banook 2,2022-09-06,GAC,sonic_tween,NA,NA,3000,6,1000,500,Enterovirus,33.97,TRUE,4.411165599200488,9.55752546493439
b1_gac_0913,b1_gac_0913,Banook 1,2022-09-13,GAC,sonic_water,NA,NA,2500,2.5,NA,500,Influenza A,NA,FALSE,NA,NA
b1_gac_0913,b1_gac_0913,Banook 1,2022-09-13,GAC,sonic_water,NA,NA,2500,2.5,NA,500,RSV,NA,FALSE,NA,NA
b1_gac_0913,b1_gac_0913,Banook 1,2022-09-13,GAC,sonic_water,NA,NA,2500,2.5,NA,500,Sars-Cov2,NA,FALSE,NA,NA
b1_gac_0913,b1_gac_0913,Banook 1,2022-09-13,GAC,sonic_water,NA,NA,2500,2.5,NA,500,Measles,NA,FALSE,NA,NA
b1_gac_0913,b1_gac_0913,Banook 1,2022-09-13,GAC,sonic_water,NA,NA,2500,2.5,NA,500,Adenovirus,NA,FALSE,NA,NA
b1_gac_0913,b1_gac_0913,Banook 1,2022-09-13,GAC,sonic_water,NA,NA,2500,2.5,NA,500,Rotavirus,NA,FALSE,NA,NA
b1_gac_0913,b1_gac_0913,Banook 1,2022-09-13,GAC,sonic_water,NA,NA,2500,2.5,NA,500,Norovirus,NA,FALSE,NA,NA
b1_gac_0913,b1_gac_0913,Banook 1,2022-09-13,GAC,sonic_water,NA,NA,2500,2.5,NA,500,Enterovirus,NA,FALSE,NA,NA
b2_gac_0913,b2_gac_0913,Banook 2,2022-09-13,GAC,sonic_water,NA,NA,2500,2.5,NA,500,Influenza A,NA,FALSE,NA,NA
b2_gac_0913,b2_gac_0913,Banook 2,2022-09-13,GAC,sonic_water,NA,NA,2500,2.5,NA,500,RSV,NA,FALSE,NA,NA
b2_gac_0913,b2_gac_0913,Banook 2,2022-09-13,GAC,sonic_water,NA,NA,2500,2.5,NA,500,Sars-Cov2,NA,FALSE,NA,NA
b2_gac_0913,b2_gac_0913,Banook 2,2022-09-13,GAC,sonic_water,NA,NA,2500,2.5,NA,500,Measles,NA,FALSE,NA,NA
b2_gac_0913,b2_gac_0913,Banook 2,2022-09-13,GAC,sonic_water,NA,NA,2500,2.5,NA,500,Adenovirus,31.8,TRUE,60.45390900625483,72.5446908075058
b2_gac_0913,b2_gac_0913,Banook 2,2022-09-13,GAC,sonic_water,NA,NA,2500,2.5,NA,500,Rotavirus,NA,FALSE,NA,NA
b2_gac_0913,b2_gac_0913,Banook 2,2022-09-13,GAC,sonic_water,NA,NA,2500,2.5,NA,500,Norovirus,NA,FALSE,NA,NA
b2_gac_0913,b2_gac_0913,Banook 2,2022-09-13,GAC,sonic_water,NA,NA,2500,2.5,NA,500,Enterovirus,31.5,TRUE,27.047274580732815,32.456729496879376
b2_grab_0913,b2_gr_0913,Banook 2,2022-09-13,Grab,NA,100,NA,NA,NA,NA,500,Influenza A,NA,FALSE,NA,NA
b2_grab_0913,b2_gr_0913,Banook 2,2022-09-13,Grab,NA,100,NA,NA,NA,NA,500,RSV,NA,FALSE,NA,NA
b2_grab_0913,b2_gr_0913,Banook 2,2022-09-13,Grab,NA,100,NA,NA,NA,NA,500,Sars-Cov2,NA,FALSE,NA,NA
b2_grab_0913,b2_gr_0913,Banook 2,2022-09-13,Grab,NA,100,NA,NA,NA,NA,500,Measles,NA,FALSE,NA,NA
b2_grab_0913,b2_gr_0913,Banook 2,2022-09-13,Grab,NA,100,NA,NA,NA,NA,500,Adenovirus,NA,FALSE,NA,NA
b2_grab_0913,b2_gr_0913,Banook 2,2022-09-13,Grab,NA,100,NA,NA,NA,NA,500,Rotavirus,NA,FALSE,NA,NA
b2_grab_0913,b2_gr_0913,Banook 2,2022-09-13,Grab,NA,100,NA,NA,NA,NA,500,Norovirus,NA,FALSE,NA,NA
b2_grab_0913,b2_gr_0913,Banook 2,2022-09-13,Grab,NA,100,NA,NA,NA,NA,500,Enterovirus,NA,FALSE,NA,NA
b1_grab_0913,b1_gr_0913,Banook 1,2022-09-13,Grab,NA,100,NA,NA,NA,NA,500,Influenza A,NA,FALSE,NA,NA
b1_grab_0913,b1_gr_0913,Banook 1,2022-09-13,Grab,NA,100,NA,NA,NA,NA,500,RSV,NA,FALSE,NA,NA
b1_grab_0913,b1_gr_0913,Banook 1,2022-09-13,Grab,NA,100,NA,NA,NA,NA,500,Sars-Cov2,NA,FALSE,NA,NA
b1_grab_0913,b1_gr_0913,Banook 1,2022-09-13,Grab,NA,100,NA,NA,NA,NA,500,Measles,NA,FALSE,NA,NA
b1_grab_0913,b1_gr_0913,Banook 1,2022-09-13,Grab,NA,100,NA,NA,NA,NA,500,Adenovirus,NA,FALSE,NA,NA
b1_grab_0913,b1_gr_0913,Banook 1,2022-09-13,Grab,NA,100,NA,NA,NA,NA,500,Rotavirus,NA,FALSE,NA,NA
b1_grab_0913,b1_gr_0913,Banook 1,2022-09-13,Grab,NA,100,NA,NA,NA,NA,500,Norovirus,NA,FALSE,NA,NA
b1_grab_0913,b1_gr_0913,Banook 1,2022-09-13,Grab,NA,100,NA,NA,NA,NA,500,Enterovirus,NA,FALSE,NA,NA
b1_grab_0920,b1_gr_0920,Banook 1,2022-09-20,Grab,NA,100,NA,NA,NA,NA,500,Influenza A,NA,FALSE,NA,NA
b1_grab_0920,b1_gr_0920,Banook 1,2022-09-20,Grab,NA,100,NA,NA,NA,NA,500,RSV,NA,FALSE,NA,NA
b1_grab_0920,b1_gr_0920,Banook 1,2022-09-20,Grab,NA,100,NA,NA,NA,NA,500,Sars-Cov2,NA,FALSE,NA,NA
b1_grab_0920,b1_gr_0920,Banook 1,2022-09-20,Grab,NA,100,NA,NA,NA,NA,500,Measles,NA,FALSE,NA,NA
b1_grab_0920,b1_gr_0920,Banook 1,2022-09-20,Grab,NA,100,NA,NA,NA,NA,500,Adenovirus,NA,FALSE,NA,NA
b1_grab_0920,b1_gr_0920,Banook 1,2022-09-20,Grab,NA,100,NA,NA,NA,NA,500,Rotavirus,NA,FALSE,NA,NA
b1_grab_0920,b1_gr_0920,Banook 1,2022-09-20,Grab,NA,100,NA,NA,NA,NA,500,Norovirus,NA,FALSE,NA,NA
b1_grab_0920,b1_gr_0920,Banook 1,2022-09-20,Grab,NA,100,NA,NA,NA,NA,500,Enterovirus,NA,FALSE,NA,NA
b2_grab_0920,b2_gr_0920,Banook 2,2022-09-20,Grab,NA,100,NA,NA,NA,NA,500,Influenza A,NA,FALSE,NA,NA
b2_grab_0920,b2_gr_0920,Banook 2,2022-09-20,Grab,NA,100,NA,NA,NA,NA,500,RSV,NA,FALSE,NA,NA
b2_grab_0920,b2_gr_0920,Banook 2,2022-09-20,Grab,NA,100,NA,NA,NA,NA,500,Sars-Cov2,NA,FALSE,NA,NA
b2_grab_0920,b2_gr_0920,Banook 2,2022-09-20,Grab,NA,100,NA,NA,NA,NA,500,Measles,NA,FALSE,NA,NA
b2_grab_0920,b2_gr_0920,Banook 2,2022-09-20,Grab,NA,100,NA,NA,NA,NA,500,Adenovirus,NA,FALSE,NA,NA
b2_grab_0920,b2_gr_0920,Banook 2,2022-09-20,Grab,NA,100,NA,NA,NA,NA,500,Rotavirus,NA,FALSE,NA,NA
b2_grab_0920,b2_gr_0920,Banook 2,2022-09-20,Grab,NA,100,NA,NA,NA,NA,500,Norovirus,NA,FALSE,NA,NA
b2_grab_0920,b2_gr_0920,Banook 2,2022-09-20,Grab,NA,100,NA,NA,NA,NA,500,Enterovirus,NA,FALSE,NA,NA
b2_gac_0920,b2_gac_0920,Banook 2,2022-09-20,GAC,NA,NA,NA,250,NA,NA,500,Influenza A,NA,FALSE,NA,NA
b2_gac_0920,b2_gac_0920,Banook 2,2022-09-20,GAC,NA,NA,NA,250,NA,NA,500,RSV,NA,FALSE,NA,NA
b2_gac_0920,b2_gac_0920,Banook 2,2022-09-20,GAC,NA,NA,NA,250,NA,NA,500,Sars-Cov2,NA,FALSE,NA,NA
b2_gac_0920,b2_gac_0920,Banook 2,2022-09-20,GAC,NA,NA,NA,250,NA,NA,500,Measles,NA,FALSE,NA,NA
b2_gac_0920,b2_gac_0920,Banook 2,2022-09-20,GAC,NA,NA,NA,250,NA,NA,500,Adenovirus,31.02,TRUE,104.43489346827761,208.86978693655522
b2_gac_0920,b2_gac_0920,Banook 2,2022-09-20,GAC,NA,NA,NA,250,NA,NA,500,Rotavirus,NA,FALSE,NA,NA
b2_gac_0920,b2_gac_0920,Banook 2,2022-09-20,GAC,NA,NA,NA,250,NA,NA,500,Norovirus,NA,FALSE,NA,NA
b2_gac_0920,b2_gac_0920,Banook 2,2022-09-20,GAC,NA,NA,NA,250,NA,NA,500,Enterovirus,NA,FALSE,NA,NA
b1_grab_1004,b1_gr_1004,Banook 1,2022-10-04,Grab,NA,100,NA,NA,NA,NA,500,Influenza A,NA,FALSE,NA,NA
b1_grab_1004,b1_gr_1004,Banook 1,2022-10-04,Grab,NA,100,NA,NA,NA,NA,500,RSV,NA,FALSE,NA,NA
b1_grab_1004,b1_gr_1004,Banook 1,2022-10-04,Grab,NA,100,NA,NA,NA,NA,500,Sars-Cov2,NA,FALSE,NA,NA
b1_grab_1004,b1_gr_1004,Banook 1,2022-10-04,Grab,NA,100,NA,NA,NA,NA,500,Measles,NA,FALSE,NA,NA
b1_grab_1004,b1_gr_1004,Banook 1,2022-10-04,Grab,NA,100,NA,NA,NA,NA,500,Adenovirus,NA,FALSE,NA,NA
b1_grab_1004,b1_gr_1004,Banook 1,2022-10-04,Grab,NA,100,NA,NA,NA,NA,500,Rotavirus,NA,FALSE,NA,NA
b1_grab_1004,b1_gr_1004,Banook 1,2022-10-04,Grab,NA,100,NA,NA,NA,NA,500,Norovirus,NA,FALSE,NA,NA
b1_grab_1004,b1_gr_1004,Banook 1,2022-10-04,Grab,NA,100,NA,NA,NA,NA,500,Enterovirus,NA,FALSE,NA,NA
b2_grab_1004,b2_gr_1004,Banook 2,2022-10-04,Grab,NA,100,NA,NA,NA,NA,500,Influenza A,NA,FALSE,NA,NA
b2_grab_1004,b2_gr_1004,Banook 2,2022-10-04,Grab,NA,100,NA,NA,NA,NA,500,RSV,NA,FALSE,NA,NA
b2_grab_1004,b2_gr_1004,Banook 2,2022-10-04,Grab,NA,100,NA,NA,NA,NA,500,Sars-Cov2,NA,FALSE,NA,NA
b2_grab_1004,b2_gr_1004,Banook 2,2022-10-04,Grab,NA,100,NA,NA,NA,NA,500,Measles,NA,FALSE,NA,NA
b2_grab_1004,b2_gr_1004,Banook 2,2022-10-04,Grab,NA,100,NA,NA,NA,NA,500,Adenovirus,NA,FALSE,NA,NA
b2_grab_1004,b2_gr_1004,Banook 2,2022-10-04,Grab,NA,100,NA,NA,NA,NA,500,Rotavirus,NA,FALSE,NA,NA
b2_grab_1004,b2_gr_1004,Banook 2,2022-10-04,Grab,NA,100,NA,NA,NA,NA,500,Norovirus,NA,FALSE,NA,NA
b2_grab_1004,b2_gr_1004,Banook 2,2022-10-04,Grab,NA,100,NA,NA,NA,NA,500,Enterovirus,NA,FALSE,NA,NA
b1_gac_1004,b1_gac_1004,Banook 1,2022-10-04,GAC,NA,NA,NA,250,NA,NA,500,Influenza A,NA,FALSE,NA,NA
b1_gac_1004,b1_gac_1004,Banook 1,2022-10-04,GAC,NA,NA,NA,250,NA,NA,500,RSV,NA,FALSE,NA,NA
b1_gac_1004,b1_gac_1004,Banook 1,2022-10-04,GAC,NA,NA,NA,250,NA,NA,500,Sars-Cov2,NA,FALSE,NA,NA
b1_gac_1004,b1_gac_1004,Banook 1,2022-10-04,GAC,NA,NA,NA,250,NA,NA,500,Measles,NA,FALSE,NA,NA
b1_gac_1004,b1_gac_1004,Banook 1,2022-10-04,GAC,NA,NA,NA,250,NA,NA,500,Adenovirus,31.11,TRUE,98.05073862416253,196.10147724832507
b1_gac_1004,b1_gac_1004,Banook 1,2022-10-04,GAC,NA,NA,NA,250,NA,NA,500,Rotavirus,34.22,TRUE,18.349303085044625,36.69860617008925
b1_gac_1004,b1_gac_1004,Banook 1,2022-10-04,GAC,NA,NA,NA,250,NA,NA,500,Norovirus,33.29,TRUE,40.771997071469826,81.54399414293965
b1_gac_1004,b1_gac_1004,Banook 1,2022-10-04,GAC,NA,NA,NA,250,NA,NA,500,Enterovirus,NA,FALSE,NA,NA
b2_gac_1004,b2_gac_1004,Banook 2,2022-10-04,GAC,NA,NA,NA,250,NA,NA,500,Influenza A,33.63,TRUE,5.954177132628703,11.908354265257406
b2_gac_1004,b2_gac_1004,Banook 2,2022-10-04,GAC,NA,NA,NA,250,NA,NA,500,RSV,NA,FALSE,NA,NA
b2_gac_1004,b2_gac_1004,Banook 2,2022-10-04,GAC,NA,NA,NA,250,NA,NA,500,Sars-Cov2,NA,FALSE,NA,NA
b2_gac_1004,b2_gac_1004,Banook 2,2022-10-04,GAC,NA,NA,NA,250,NA,NA,500,Measles,NA,FALSE,NA,NA
b2_gac_1004,b2_gac_1004,Banook 2,2022-10-04,GAC,NA,NA,NA,250,NA,NA,500,Adenovirus,31.04,TRUE,102.98118951227288,205.96237902454575
b2_gac_1004,b2_gac_1004,Banook 2,2022-10-04,GAC,NA,NA,NA,250,NA,NA,500,Rotavirus,NA,FALSE,NA,NA
b2_gac_1004,b2_gac_1004,Banook 2,2022-10-04,GAC,NA,NA,NA,250,NA,NA,500,Norovirus,31.22,TRUE,167.08567688918126,334.1713537783625
b2_gac_1004,b2_gac_1004,Banook 2,2022-10-04,GAC,NA,NA,NA,250,NA,NA,500,Enterovirus,NA,FALSE,NA,NA
b1_grab_1011,b1_gr_1011,Banook 1,2022-10-11,Grab,NA,100,NA,NA,NA,NA,500,Influenza A,NA,FALSE,NA,NA
b1_grab_1011,b1_gr_1011,Banook 1,2022-10-11,Grab,NA,100,NA,NA,NA,NA,500,RSV,NA,FALSE,NA,NA
b1_grab_1011,b1_gr_1011,Banook 1,2022-10-11,Grab,NA,100,NA,NA,NA,NA,500,Sars-Cov2,NA,FALSE,NA,NA
b1_grab_1011,b1_gr_1011,Banook 1,2022-10-11,Grab,NA,100,NA,NA,NA,NA,500,Measles,NA,FALSE,NA,NA
b1_grab_1011,b1_gr_1011,Banook 1,2022-10-11,Grab,NA,100,NA,NA,NA,NA,500,Adenovirus,NA,FALSE,NA,NA
b1_grab_1011,b1_gr_1011,Banook 1,2022-10-11,Grab,NA,100,NA,NA,NA,NA,500,Rotavirus,NA,FALSE,NA,NA
b1_grab_1011,b1_gr_1011,Banook 1,2022-10-11,Grab,NA,100,NA,NA,NA,NA,500,Norovirus,NA,FALSE,NA,NA
b1_grab_1011,b1_gr_1011,Banook 1,2022-10-11,Grab,NA,100,NA,NA,NA,NA,500,Enterovirus,NA,FALSE,NA,NA
b2_grab_1011,b2_gr_1011,Banook 2,2022-10-11,Grab,NA,100,NA,NA,NA,NA,500,Influenza A,NA,FALSE,NA,NA
b2_grab_1011,b2_gr_1011,Banook 2,2022-10-11,Grab,NA,100,NA,NA,NA,NA,500,RSV,NA,FALSE,NA,NA
b2_grab_1011,b2_gr_1011,Banook 2,2022-10-11,Grab,NA,100,NA,NA,NA,NA,500,Sars-Cov2,NA,FALSE,NA,NA
b2_grab_1011,b2_gr_1011,Banook 2,2022-10-11,Grab,NA,100,NA,NA,NA,NA,500,Measles,NA,FALSE,NA,NA
b2_grab_1011,b2_gr_1011,Banook 2,2022-10-11,Grab,NA,100,NA,NA,NA,NA,500,Adenovirus,NA,FALSE,NA,NA
b2_grab_1011,b2_gr_1011,Banook 2,2022-10-11,Grab,NA,100,NA,NA,NA,NA,500,Rotavirus,NA,FALSE,NA,NA
b2_grab_1011,b2_gr_1011,Banook 2,2022-10-11,Grab,NA,100,NA,NA,NA,NA,500,Norovirus,NA,FALSE,NA,NA
b2_grab_1011,b2_gr_1011,Banook 2,2022-10-11,Grab,NA,100,NA,NA,NA,NA,500,Enterovirus,NA,FALSE,NA,NA
b1_gac_1011,b1_gac_1011,Banook 1,2022-10-11,GAC,camp_bead,NA,NA,3000,6,1000,500,Influenza A,22.26,TRUE,28629.684961789328,62030.98408387688
b1_gac_1011,b1_gac_1011,Banook 1,2022-10-11,GAC,camp_bead,NA,NA,3000,6,1000,500,RSV,31.41,TRUE,41.23651847002598,89.34579001838962
b1_gac_1011,b1_gac_1011,Banook 1,2022-10-11,GAC,camp_bead,NA,NA,3000,6,1000,500,Sars-Cov2,NA,FALSE,NA,NA
b1_gac_1011,b1_gac_1011,Banook 1,2022-10-11,GAC,camp_bead,NA,NA,3000,6,1000,500,Measles,NA,FALSE,NA,NA
b1_gac_1011,b1_gac_1011,Banook 1,2022-10-11,GAC,camp_bead,NA,NA,3000,6,1000,500,Adenovirus,31.72,TRUE,63.94039051768226,138.53751278831155
b1_gac_1011,b1_gac_1011,Banook 1,2022-10-11,GAC,camp_bead,NA,NA,3000,6,1000,500,Rotavirus,NA,FALSE,NA,NA
b1_gac_1011,b1_gac_1011,Banook 1,2022-10-11,GAC,camp_bead,NA,NA,3000,6,1000,500,Norovirus,34.62,TRUE,16.47303839301654,35.691583184869174
b1_gac_1011,b1_gac_1011,Banook 1,2022-10-11,GAC,camp_bead,NA,NA,3000,6,1000,500,Enterovirus,32.84,TRUE,10.11250462566024,21.91042668893052
b2_gac_1011,b2_gac_1011,Banook 2,2022-10-11,GAC,camp_bead,NA,NA,3000,6,1000,500,Influenza A,21.3,TRUE,58572.99052917102,126908.1461465372
b2_gac_1011,b2_gac_1011,Banook 2,2022-10-11,GAC,camp_bead,NA,NA,3000,6,1000,500,RSV,29.13,TRUE,191.98056461537544,415.9578899999801
b2_gac_1011,b2_gac_1011,Banook 2,2022-10-11,GAC,camp_bead,NA,NA,3000,6,1000,500,Sars-Cov2,23.81,TRUE,8164.9358884411995,17690.69442495593
b2_gac_1011,b2_gac_1011,Banook 2,2022-10-11,GAC,camp_bead,NA,NA,3000,6,1000,500,Measles,NA,FALSE,NA,NA
b2_gac_1011,b2_gac_1011,Banook 2,2022-10-11,GAC,camp_bead,NA,NA,3000,6,1000,500,Adenovirus,NA,FALSE,NA,NA
b2_gac_1011,b2_gac_1011,Banook 2,2022-10-11,GAC,camp_bead,NA,NA,3000,6,1000,500,Rotavirus,NA,FALSE,NA,NA
b2_gac_1011,b2_gac_1011,Banook 2,2022-10-11,GAC,camp_bead,NA,NA,3000,6,1000,500,Norovirus,NA,FALSE,NA,NA
b2_gac_1011,b2_gac_1011,Banook 2,2022-10-11,GAC,camp_bead,NA,NA,3000,6,1000,500,Enterovirus,NA,FALSE,NA,NA
b1_gac_1018,b1_gac_1018,Banook 1,2022-10-18,GAC,camp_son,NA,NA,3000,6,1000,500,Influenza A,NA,FALSE,NA,NA
b1_gac_1018,b1_gac_1018,Banook 1,2022-10-18,GAC,camp_son,NA,NA,3000,6,1000,500,RSV,NA,FALSE,NA,NA
b1_gac_1018,b1_gac_1018,Banook 1,2022-10-18,GAC,camp_son,NA,NA,3000,6,1000,500,Sars-Cov2,NA,FALSE,NA,NA
b1_gac_1018,b1_gac_1018,Banook 1,2022-10-18,GAC,camp_son,NA,NA,3000,6,1000,500,Measles,NA,FALSE,NA,NA
b1_gac_1018,b1_gac_1018,Banook 1,2022-10-18,GAC,camp_son,NA,NA,3000,6,1000,500,Adenovirus,31.56,TRUE,71.52816393721602,154.9776885306347
b1_gac_1018,b1_gac_1018,Banook 1,2022-10-18,GAC,camp_son,NA,NA,3000,6,1000,500,Rotavirus,NA,FALSE,NA,NA
b1_gac_1018,b1_gac_1018,Banook 1,2022-10-18,GAC,camp_son,NA,NA,3000,6,1000,500,Norovirus,NA,FALSE,NA,NA
b1_gac_1018,b1_gac_1018,Banook 1,2022-10-18,GAC,camp_son,NA,NA,3000,6,1000,500,Enterovirus,NA,FALSE,NA,NA
b2_gac_1018,b2_gac_1018,Banook 2,2022-10-18,GAC,camp_son,NA,NA,3000,6,1000,500,Influenza A,23.92,TRUE,8303.320513168479,17990.527778531705
b2_gac_1018,b2_gac_1018,Banook 2,2022-10-18,GAC,camp_son,NA,NA,3000,6,1000,500,RSV,29.82,TRUE,120.53324615666634,261.15536667277706
b2_gac_1018,b2_gac_1018,Banook 2,2022-10-18,GAC,camp_son,NA,NA,3000,6,1000,500,Sars-Cov2,NA,FALSE,NA,NA
b2_gac_1018,b2_gac_1018,Banook 2,2022-10-18,GAC,camp_son,NA,NA,3000,6,1000,500,Measles,NA,FALSE,NA,NA
b2_gac_1018,b2_gac_1018,Banook 2,2022-10-18,GAC,camp_son,NA,NA,3000,6,1000,500,Adenovirus,NA,FALSE,NA,NA
b2_gac_1018,b2_gac_1018,Banook 2,2022-10-18,GAC,camp_son,NA,NA,3000,6,1000,500,Rotavirus,NA,FALSE,NA,NA
b2_gac_1018,b2_gac_1018,Banook 2,2022-10-18,GAC,camp_son,NA,NA,3000,6,1000,500,Norovirus,NA,FALSE,NA,NA
b2_gac_1018,b2_gac_1018,Banook 2,2022-10-18,GAC,camp_son,NA,NA,3000,6,1000,500,Enterovirus,NA,FALSE,NA,NA
b1_grab_1018,b1_gr_1018,Banook 1,2022-10-18,Grab,NA,100,NA,NA,NA,NA,500,Influenza A,NA,FALSE,NA,NA
b1_grab_1018,b1_gr_1018,Banook 1,2022-10-18,Grab,NA,100,NA,NA,NA,NA,500,RSV,NA,FALSE,NA,NA
b1_grab_1018,b1_gr_1018,Banook 1,2022-10-18,Grab,NA,100,NA,NA,NA,NA,500,Sars-Cov2,NA,FALSE,NA,NA
b1_grab_1018,b1_gr_1018,Banook 1,2022-10-18,Grab,NA,100,NA,NA,NA,NA,500,Measles,NA,FALSE,NA,NA
b1_grab_1018,b1_gr_1018,Banook 1,2022-10-18,Grab,NA,100,NA,NA,NA,NA,500,Adenovirus,NA,FALSE,NA,NA
b1_grab_1018,b1_gr_1018,Banook 1,2022-10-18,Grab,NA,100,NA,NA,NA,NA,500,Rotavirus,NA,FALSE,NA,NA
b1_grab_1018,b1_gr_1018,Banook 1,2022-10-18,Grab,NA,100,NA,NA,NA,NA,500,Norovirus,NA,FALSE,NA,NA
b1_grab_1018,b1_gr_1018,Banook 1,2022-10-18,Grab,NA,100,NA,NA,NA,NA,500,Enterovirus,NA,FALSE,NA,NA
b2_grab_1018,b2_gr_1018,Banook 2,2022-10-18,Grab,NA,100,NA,NA,NA,NA,500,Influenza A,NA,FALSE,NA,NA
b2_grab_1018,b2_gr_1018,Banook 2,2022-10-18,Grab,NA,100,NA,NA,NA,NA,500,RSV,NA,FALSE,NA,NA
b2_grab_1018,b2_gr_1018,Banook 2,2022-10-18,Grab,NA,100,NA,NA,NA,NA,500,Sars-Cov2,NA,FALSE,NA,NA
b2_grab_1018,b2_gr_1018,Banook 2,2022-10-18,Grab,NA,100,NA,NA,NA,NA,500,Measles,NA,FALSE,NA,NA
b2_grab_1018,b2_gr_1018,Banook 2,2022-10-18,Grab,NA,100,NA,NA,NA,NA,500,Adenovirus,NA,FALSE,NA,NA
b2_grab_1018,b2_gr_1018,Banook 2,2022-10-18,Grab,NA,100,NA,NA,NA,NA,500,Rotavirus,NA,FALSE,NA,NA
b2_grab_1018,b2_gr_1018,Banook 2,2022-10-18,Grab,NA,100,NA,NA,NA,NA,500,Norovirus,NA,FALSE,NA,NA
b2_grab_1018,b2_gr_1018,Banook 2,2022-10-18,Grab,NA,100,NA,NA,NA,NA,500,Enterovirus,NA,FALSE,NA,NA
b1_grab_1025,b1_gr_1025,Banook 1,2022-10-25,Grab,NA,100,NA,NA,NA,NA,500,Influenza A,NA,FALSE,NA,NA
b1_grab_1025,b1_gr_1025,Banook 1,2022-10-25,Grab,NA,100,NA,NA,NA,NA,500,RSV,NA,FALSE,NA,NA
b1_grab_1025,b1_gr_1025,Banook 1,2022-10-25,Grab,NA,100,NA,NA,NA,NA,500,Sars-Cov2,NA,FALSE,NA,NA
b1_grab_1025,b1_gr_1025,Banook 1,2022-10-25,Grab,NA,100,NA,NA,NA,NA,500,Measles,NA,FALSE,NA,NA
b1_grab_1025,b1_gr_1025,Banook 1,2022-10-25,Grab,NA,100,NA,NA,NA,NA,500,Adenovirus,NA,FALSE,NA,NA
b1_grab_1025,b1_gr_1025,Banook 1,2022-10-25,Grab,NA,100,NA,NA,NA,NA,500,Rotavirus,NA,FALSE,NA,NA
b1_grab_1025,b1_gr_1025,Banook 1,2022-10-25,Grab,NA,100,NA,NA,NA,NA,500,Norovirus,NA,FALSE,NA,NA
b1_grab_1025,b1_gr_1025,Banook 1,2022-10-25,Grab,NA,100,NA,NA,NA,NA,500,Enterovirus,NA,FALSE,NA,NA
b2_grab_1025,b2_gr_1025,Banook 2,2022-10-25,Grab,NA,100,NA,NA,NA,NA,500,Influenza A,NA,FALSE,NA,NA
b2_grab_1025,b2_gr_1025,Banook 2,2022-10-25,Grab,NA,100,NA,NA,NA,NA,500,RSV,NA,FALSE,NA,NA
b2_grab_1025,b2_gr_1025,Banook 2,2022-10-25,Grab,NA,100,NA,NA,NA,NA,500,Sars-Cov2,NA,FALSE,NA,NA
b2_grab_1025,b2_gr_1025,Banook 2,2022-10-25,Grab,NA,100,NA,NA,NA,NA,500,Measles,NA,FALSE,NA,NA
b2_grab_1025,b2_gr_1025,Banook 2,2022-10-25,Grab,NA,100,NA,NA,NA,NA,500,Adenovirus,NA,FALSE,NA,NA
b2_grab_1025,b2_gr_1025,Banook 2,2022-10-25,Grab,NA,100,NA,NA,NA,NA,500,Rotavirus,NA,FALSE,NA,NA
b2_grab_1025,b2_gr_1025,Banook 2,2022-10-25,Grab,NA,100,NA,NA,NA,NA,500,Norovirus,NA,FALSE,NA,NA
b2_grab_1025,b2_gr_1025,Banook 2,2022-10-25,Grab,NA,100,NA,NA,NA,NA,500,Enterovirus,NA,FALSE,NA,NA
b1_gac_1025,b1_gac_1025,Banook 1,2022-10-25,GAC,camp_son,NA,NA,3000,6,1000,500,Influenza A,32.55,TRUE,13.321793061150556,28.863884965826205
b1_gac_1025,b1_gac_1025,Banook 1,2022-10-25,GAC,camp_son,NA,NA,3000,6,1000,500,RSV,NA,FALSE,NA,NA
b1_gac_1025,b1_gac_1025,Banook 1,2022-10-25,GAC,camp_son,NA,NA,3000,6,1000,500,Sars-Cov2,NA,FALSE,NA,NA
b1_gac_1025,b1_gac_1025,Banook 1,2022-10-25,GAC,camp_son,NA,NA,3000,6,1000,500,Measles,NA,FALSE,NA,NA
b1_gac_1025,b1_gac_1025,Banook 1,2022-10-25,GAC,camp_son,NA,NA,3000,6,1000,500,Adenovirus,32.19,TRUE,45.99533305490499,99.65655495229414
b1_gac_1025,b1_gac_1025,Banook 1,2022-10-25,GAC,camp_son,NA,NA,3000,6,1000,500,Rotavirus,NA,FALSE,NA,NA
b1_gac_1025,b1_gac_1025,Banook 1,2022-10-25,GAC,camp_son,NA,NA,3000,6,1000,500,Norovirus,32.7,TRUE,60.94825750188219,132.05455792074474
b1_gac_1025,b1_gac_1025,Banook 1,2022-10-25,GAC,camp_son,NA,NA,3000,6,1000,500,Enterovirus,NA,FALSE,NA,NA
b2_gac_1025,b2_gac_1025,Banook 2,2022-10-25,GAC,camp_son,NA,NA,3000,6,1000,500,Influenza A,NA,FALSE,NA,NA
b2_gac_1025,b2_gac_1025,Banook 2,2022-10-25,GAC,camp_son,NA,NA,3000,6,1000,500,RSV,NA,FALSE,NA,NA
b2_gac_1025,b2_gac_1025,Banook 2,2022-10-25,GAC,camp_son,NA,NA,3000,6,1000,500,Sars-Cov2,34.09,TRUE,5.130489199315375,11.116059931849978
b2_gac_1025,b2_gac_1025,Banook 2,2022-10-25,GAC,camp_son,NA,NA,3000,6,1000,500,Measles,NA,FALSE,NA,NA
b2_gac_1025,b2_gac_1025,Banook 2,2022-10-25,GAC,camp_son,NA,NA,3000,6,1000,500,Adenovirus,32.42,TRUE,39.147581845291484,84.81976066479821
b2_gac_1025,b2_gac_1025,Banook 2,2022-10-25,GAC,camp_son,NA,NA,3000,6,1000,500,Rotavirus,NA,FALSE,NA,NA
b2_gac_1025,b2_gac_1025,Banook 2,2022-10-25,GAC,camp_son,NA,NA,3000,6,1000,500,Norovirus,NA,FALSE,NA,NA
b2_gac_1025,b2_gac_1025,Banook 2,2022-10-25,GAC,camp_son,NA,NA,3000,6,1000,500,Enterovirus,NA,FALSE,NA,NA
